order_detail_id,order_id,customer_id,employee_id,product_id,date_key,quantity,unit_price,discount,total_amount,shipping_fee,taxes
1,11,2,1,24,20250224,35.35,88.1,0.2049,2476.2077585,13.09,59.08
2,6,1,10,3,20250901,22.26,51.22,0.1773,938.00732844,26.56,31.87
3,20,8,8,10,20250821,1.18,15.49,0.164,15.280575199999998,31.62,54.82
4,29,1,8,11,20251221,37.6,43.16,0.2315,1247.134096,31.35,49.77
5,4,9,7,14,20250624,26.04,65.72,0.132,1485.4507584,42.05,6.55
6,30,3,2,8,20240421,26.55,98.18,0.133,2259.990693,32.03,75.52
7,12,11,1,25,20250323,60.41,32.99,0.0863,1820.93639483,14.88,21.33
8,26,10,6,2,20250218,62.39,86.03,0.2228,4171.552373240001,32.21,97.87
9,15,3,7,13,20240306,85.03,43.48,0.2167,2895.94187652,5.59,95.52
10,12,11,1,8,20250323,65.77,35.82,0.1258,2059.51151988,14.88,21.33
11,18,9,5,23,20251204,45.76,22.25,0.0623,954.728632,27.51,9.59
12,28,5,8,22,20251025,53.29,99.87,0.1013,4782.94637601,24.73,46.65
13,23,9,2,24,20250618,78.34,70.93,0.2345,4253.620321100001,9.12,68.06
14,14,11,2,19,20250109,37.85,31.87,0.1726,998.0756583000001,33.91,65.6
15,12,11,1,15,20250323,63.01,27.38,0.1196,1518.8782295199999,14.88,21.33
16,16,1,9,14,20250205,57.2,69.8,0.1961,3209.618984,23.84,72.89
17,5,11,9,13,20250625,86.79,40.36,0.0207,3430.3355209200004,25.25,94.59
18,16,1,9,14,20250205,49.54,53.96,0.1357,2310.42809112,23.84,72.89
19,17,4,9,19,20250218,72.26,85.94,0.1489,5285.35176684,7.76,42.18
20,22,5,7,2,20240515,25.27,81.97,0.1857,1686.72628117,37.5,8.28
21,2,7,9,7,20240404,96.61,61.88,0.1518,5070.73197176,29.46,80.01
22,15,3,7,20,20240306,14.96,10.4,0.0998,140.0567168,5.59,95.52
23,5,11,9,25,20250625,85.34,42.63,0.1954,2927.17036332,25.25,94.59
24,11,2,1,2,20250224,62.14,76.15,0.0125,4672.8114875,13.09,59.08
25,11,2,1,10,20250224,12.15,68.64,0.1575,702.62478,13.09,59.08
26,27,15,3,23,20250206,17.46,54.2,0.1023,849.5222364,47.3,52.26
27,11,2,1,3,20250224,95.15,98.69,0.1851,7652.199067150001,13.09,59.08
28,12,11,1,23,20250323,21.41,38.29,0.0168,806.01644648,14.88,21.33
29,15,3,7,25,20240306,11.97,27.96,0.2209,260.75012292,5.59,95.52
30,22,5,7,16,20240515,13.72,71.03,0.2327,747.75809668,37.5,8.28
31,4,9,7,22,20250624,24.37,99.96,0.1073,2174.63969604,42.05,6.55
32,29,1,8,18,20251221,58.04,77.7,0.0886,4110.147871200001,31.35,49.77
33,9,8,7,2,20240704,89.66,61.35,0.1459,4698.0974780999995,30.14,70.84
34,21,15,10,2,20251017,66.52,20.43,0.1209,1194.70006476,25.84,77.65
35,13,2,2,20,20250419,71.05,39.45,0.1056,2506.933884,8.77,79.71
36,11,2,1,7,20250224,55.12,85.1,0.2451,3541.0184888,13.09,59.08
37,15,3,7,2,20240306,15.0,51.97,0.1196,686.3158199999999,5.59,95.52
38,29,1,8,20,20251221,19.09,11.29,0.132,187.0766548,31.35,49.77
39,25,4,1,3,20240716,98.07,19.56,0.0478,1826.5568882399998,29.0,33.88
40,5,11,9,23,20250625,26.95,94.61,0.1181,2248.6152650500003,25.25,94.59
41,25,4,1,10,20240716,14.18,66.42,0.2382,717.4903600800001,29.0,33.88
42,18,9,5,3,20251204,75.83,67.56,0.092,4651.7519184,27.51,9.59
43,8,11,2,22,20240106,40.02,92.29,0.0189,3623.63967438,23.13,31.41
44,24,5,9,19,20240330,4.04,70.35,0.0297,275.7728442,38.36,42.86
45,30,3,2,8,20240421,88.04,48.2,0.1715,3515.762948,32.03,75.52
46,20,8,8,1,20250821,89.23,52.22,0.2495,3497.0227453,31.62,54.82
47,17,4,9,17,20250218,58.8,15.44,0.0414,870.2860992,7.76,42.18
48,29,1,8,5,20251221,49.85,15.61,0.002,776.602183,31.35,49.77
49,27,15,3,25,20250206,75.15,85.47,0.0875,5861.051831250001,47.3,52.26
50,8,11,2,8,20240106,51.17,11.68,0.0539,565.45142416,23.13,31.41
51,51,61,1,54,20260103,7.0,265.75,0.0,1860.25,0.0,0.0
52,52,36,1,40,20260103,27.0,161.46,0.0,4359.42,0.0,0.0
53,53,34,1,35,20260103,15.0,107.65,0.0,1614.75,0.0,0.0
54,54,90,1,29,20260103,35.0,178.06,0.0,6232.1,0.0,0.0
55,55,51,1,25,20260103,36.0,55.16,0.0,1985.76,0.0,0.0
56,56,9,1,48,20260103,44.0,249.54,0.0,10979.76,0.0,0.0
57,57,74,1,62,20260103,25.0,82.29,0.0,2057.25,0.0,0.0
58,58,17,1,59,20260103,49.0,175.87,0.0,8617.63,0.0,0.0
59,59,84,1,56,20260103,31.0,62.13,0.0,1926.03,0.0,0.0
60,60,74,1,49,20260103,10.0,382.16,0.0,3821.6,0.0,0.0
61,61,17,1,68,20260103,11.0,315.18,0.0,3466.98,0.0,0.0
62,62,51,1,56,20260103,27.0,296.05,0.0,7993.35,0.0,0.0
63,63,44,1,24,20260103,37.0,67.33,0.0,2491.21,0.0,0.0
64,64,19,1,31,20260103,40.0,454.03,0.0,18161.2,0.0,0.0
65,65,93,1,75,20260103,14.0,206.37,0.0,2889.18,0.0,0.0
66,66,76,1,42,20260103,10.0,105.13,0.0,1051.3,0.0,0.0
67,67,53,1,75,20260103,33.0,443.82,0.0,14646.06,0.0,0.0
68,68,89,1,67,20260103,6.0,312.8,0.0,1876.8,0.0,0.0
69,69,20,1,22,20260103,16.0,135.85,0.0,2173.6,0.0,0.0
70,70,20,1,8,20260103,30.0,433.67,0.0,13010.1,0.0,0.0
71,71,9,1,54,20260103,24.0,200.72,0.0,4817.28,0.0,0.0
72,72,38,1,61,20260103,48.0,451.36,0.0,21665.28,0.0,0.0
73,73,97,1,32,20260103,42.0,116.41,0.0,4889.22,0.0,0.0
74,74,87,1,71,20260103,9.0,125.36,0.0,1128.24,0.0,0.0
75,75,72,1,28,20260103,28.0,242.28,0.0,6783.84,0.0,0.0
76,76,91,1,34,20260103,11.0,301.11,0.0,3312.21,0.0,0.0
77,77,10,1,27,20260103,47.0,377.43,0.0,17739.21,0.0,0.0
78,78,48,1,63,20260103,13.0,168.37,0.0,2188.81,0.0,0.0
79,79,94,1,74,20260103,20.0,74.53,0.0,1490.6,0.0,0.0
80,80,71,1,9,20260103,20.0,103.63,0.0,2072.6,0.0,0.0
81,81,1,1,74,20260103,18.0,69.19,0.0,1245.42,0.0,0.0
82,82,16,1,28,20260103,35.0,472.37,0.0,16532.95,0.0,0.0
83,83,97,1,58,20260103,23.0,284.58,0.0,6545.34,0.0,0.0
84,84,45,1,52,20260103,25.0,65.94,0.0,1648.5,0.0,0.0
85,85,51,1,59,20260103,1.0,427.83,0.0,427.83,0.0,0.0
86,86,90,1,57,20260103,29.0,301.36,0.0,8739.44,0.0,0.0
87,87,58,1,37,20260103,47.0,427.07,0.0,20072.29,0.0,0.0
88,88,29,1,60,20260103,38.0,459.43,0.0,17458.34,0.0,0.0
89,89,86,1,63,20260103,34.0,475.7,0.0,16173.8,0.0,0.0
90,90,34,1,48,20260103,49.0,304.91,0.0,14940.59,0.0,0.0
91,91,61,1,1,20260103,47.0,224.17,0.0,10535.99,0.0,0.0
92,92,78,1,31,20260103,25.0,425.21,0.0,10630.25,0.0,0.0
93,93,55,1,60,20260103,38.0,96.56,0.0,3669.28,0.0,0.0
94,94,97,1,25,20260103,27.0,53.71,0.0,1450.17,0.0,0.0
95,95,49,1,1,20260103,1.0,423.0,0.0,423.0,0.0,0.0
96,96,13,1,28,20260103,7.0,61.91,0.0,433.37,0.0,0.0
97,97,21,1,36,20260103,27.0,407.08,0.0,10991.16,0.0,0.0
98,98,21,1,21,20260103,28.0,75.4,0.0,2111.2,0.0,0.0
99,99,15,1,71,20260103,9.0,67.39,0.0,606.51,0.0,0.0
100,100,8,1,74,20260103,34.0,423.84,0.0,14410.56,0.0,0.0
101,101,82,1,16,20260103,12.0,415.96,0.0,4991.52,0.0,0.0
1261,1261,96,1,45,20260104,42.0,168.72,0.0,7086.24,0.0,0.0
1273,1273,35,1,54,20260104,45.0,237.34,0.0,10680.3,0.0,0.0
1277,1277,55,1,64,20260104,20.0,132.19,0.0,2643.8,0.0,0.0
1281,1281,65,1,14,20260104,46.0,439.68,0.0,20225.28,0.0,0.0
1285,1285,46,1,38,20260104,43.0,140.5,0.0,6041.5,0.0,0.0
1289,1289,86,1,5,20260104,23.0,116.39,0.0,2676.97,0.0,0.0
1265,1265,78,1,55,20260104,28.0,284.41,0.0,7963.48,0.0,0.0
1270,1270,7,1,18,20260104,43.0,37.52,0.0,1613.36,0.0,0.0
1291,1291,37,1,69,20260104,50.0,314.49,0.0,15724.5,0.0,0.0
1293,1293,78,1,13,20260104,23.0,483.43,0.0,11118.89,0.0,0.0
1295,1295,76,1,9,20260104,19.0,19.19,0.0,364.61,0.0,0.0
102,102,8,1,37,20260103,46.0,55.14,0.0,2536.44,0.0,0.0
103,103,38,1,54,20260103,22.0,67.75,0.0,1490.5,0.0,0.0
104,104,5,1,45,20260103,6.0,211.74,0.0,1270.44,0.0,0.0
105,105,77,1,2,20260103,39.0,76.83,0.0,2996.37,0.0,0.0
106,106,53,1,53,20260103,13.0,64.12,0.0,833.56,0.0,0.0
107,107,46,1,58,20260103,5.0,432.58,0.0,2162.9,0.0,0.0
108,108,65,1,19,20260103,8.0,51.81,0.0,414.48,0.0,0.0
109,109,98,1,30,20260103,15.0,79.22,0.0,1188.3,0.0,0.0
110,110,6,1,8,20260103,8.0,87.66,0.0,701.28,0.0,0.0
111,111,62,1,18,20260103,24.0,128.5,0.0,3084.0,0.0,0.0
112,112,27,1,5,20260103,33.0,497.01,0.0,16401.33,0.0,0.0
113,113,29,1,68,20260103,4.0,414.92,0.0,1659.68,0.0,0.0
114,114,98,1,7,20260103,35.0,136.6,0.0,4781.0,0.0,0.0
115,115,4,1,55,20260103,31.0,328.13,0.0,10172.03,0.0,0.0
116,116,29,1,12,20260103,41.0,491.45,0.0,20149.45,0.0,0.0
117,117,79,1,41,20260103,15.0,494.75,0.0,7421.25,0.0,0.0
118,118,60,1,43,20260103,8.0,320.95,0.0,2567.6,0.0,0.0
119,119,44,1,25,20260103,26.0,20.08,0.0,522.08,0.0,0.0
120,120,45,1,12,20260103,20.0,357.32,0.0,7146.4,0.0,0.0
121,121,76,1,59,20260103,50.0,459.82,0.0,22991.0,0.0,0.0
122,122,30,1,49,20260103,22.0,399.03,0.0,8778.66,0.0,0.0
123,123,24,1,4,20260103,24.0,292.33,0.0,7015.92,0.0,0.0
124,124,55,1,30,20260103,2.0,251.36,0.0,502.72,0.0,0.0
125,125,22,1,53,20260103,20.0,290.12,0.0,5802.4,0.0,0.0
126,126,45,1,15,20260103,46.0,495.98,0.0,22815.08,0.0,0.0
127,127,57,1,3,20260103,27.0,134.92,0.0,3642.84,0.0,0.0
128,128,61,1,72,20260103,4.0,477.0,0.0,1908.0,0.0,0.0
129,129,32,1,30,20260103,38.0,182.04,0.0,6917.52,0.0,0.0
130,130,43,1,68,20260103,39.0,5.49,0.0,214.11,0.0,0.0
131,131,56,1,73,20260103,35.0,151.1,0.0,5288.5,0.0,0.0
132,132,62,1,33,20260103,20.0,494.4,0.0,9888.0,0.0,0.0
133,133,32,1,33,20260103,18.0,247.06,0.0,4447.08,0.0,0.0
134,134,75,1,47,20260103,9.0,32.79,0.0,295.11,0.0,0.0
135,135,62,1,32,20260103,35.0,486.73,0.0,17035.55,0.0,0.0
136,136,94,1,34,20260103,26.0,138.62,0.0,3604.12,0.0,0.0
137,137,18,1,77,20260103,34.0,210.01,0.0,7140.34,0.0,0.0
138,138,40,1,34,20260103,23.0,328.09,0.0,7546.07,0.0,0.0
139,139,68,1,69,20260103,28.0,259.32,0.0,7260.96,0.0,0.0
140,140,10,1,46,20260103,49.0,449.23,0.0,22012.27,0.0,0.0
141,141,17,1,42,20260103,42.0,272.04,0.0,11425.68,0.0,0.0
142,142,62,1,63,20260103,31.0,294.52,0.0,9130.12,0.0,0.0
143,143,9,1,59,20260103,18.0,161.53,0.0,2907.54,0.0,0.0
144,144,21,1,8,20260103,17.0,44.0,0.0,748.0,0.0,0.0
145,145,50,1,24,20260103,46.0,151.62,0.0,6974.52,0.0,0.0
146,146,28,1,47,20260103,27.0,187.57,0.0,5064.39,0.0,0.0
147,147,28,1,19,20260103,5.0,402.34,0.0,2011.7,0.0,0.0
148,148,55,1,49,20260103,12.0,317.22,0.0,3806.64,0.0,0.0
149,149,90,1,65,20260103,6.0,213.98,0.0,1283.88,0.0,0.0
150,150,46,1,3,20260103,39.0,300.03,0.0,11701.17,0.0,0.0
151,151,98,1,56,20260103,7.0,32.9,0.0,230.3,0.0,0.0
152,152,51,1,75,20260103,48.0,375.66,0.0,18031.68,0.0,0.0
153,153,38,1,25,20260103,3.0,20.26,0.0,60.78,0.0,0.0
154,154,15,1,71,20260103,6.0,452.08,0.0,2712.48,0.0,0.0
155,155,55,1,3,20260103,42.0,478.57,0.0,20099.94,0.0,0.0
156,156,94,1,12,20260103,36.0,108.46,0.0,3904.56,0.0,0.0
157,157,50,1,23,20260103,12.0,444.05,0.0,5328.6,0.0,0.0
158,158,7,1,75,20260103,35.0,202.74,0.0,7095.9,0.0,0.0
159,159,22,1,22,20260103,24.0,247.6,0.0,5942.4,0.0,0.0
160,160,91,1,61,20260103,26.0,252.96,0.0,6576.96,0.0,0.0
161,161,97,1,27,20260103,43.0,410.65,0.0,17657.95,0.0,0.0
162,162,96,1,1,20260103,46.0,89.19,0.0,4102.74,0.0,0.0
163,163,47,1,21,20260103,28.0,225.87,0.0,6324.36,0.0,0.0
164,164,85,1,36,20260103,15.0,34.73,0.0,520.95,0.0,0.0
165,165,17,1,53,20260103,49.0,65.4,0.0,3204.6,0.0,0.0
166,166,43,1,20,20260103,12.0,253.02,0.0,3036.24,0.0,0.0
167,167,21,1,3,20260103,39.0,315.43,0.0,12301.77,0.0,0.0
168,168,47,1,71,20260103,15.0,458.96,0.0,6884.4,0.0,0.0
169,169,1,1,43,20260103,11.0,158.02,0.0,1738.22,0.0,0.0
170,170,69,1,65,20260103,11.0,374.73,0.0,4122.03,0.0,0.0
171,171,93,1,16,20260103,45.0,377.88,0.0,17004.6,0.0,0.0
172,172,6,1,44,20260103,33.0,129.09,0.0,4259.97,0.0,0.0
173,173,54,1,22,20260103,35.0,115.91,0.0,4056.85,0.0,0.0
174,174,55,1,16,20260103,35.0,134.16,0.0,4695.6,0.0,0.0
175,175,22,1,35,20260103,2.0,172.01,0.0,344.02,0.0,0.0
176,176,41,1,52,20260103,22.0,259.57,0.0,5710.54,0.0,0.0
177,177,35,1,7,20260103,28.0,148.1,0.0,4146.8,0.0,0.0
178,178,88,1,8,20260103,13.0,111.06,0.0,1443.78,0.0,0.0
179,179,11,1,63,20260103,1.0,210.25,0.0,210.25,0.0,0.0
180,180,34,1,44,20260103,21.0,417.95,0.0,8776.95,0.0,0.0
181,181,10,1,23,20260103,35.0,68.86,0.0,2410.1,0.0,0.0
182,182,78,1,41,20260103,50.0,418.66,0.0,20933.0,0.0,0.0
183,183,19,1,53,20260103,23.0,60.26,0.0,1385.98,0.0,0.0
184,184,14,1,12,20260103,4.0,302.77,0.0,1211.08,0.0,0.0
185,185,2,1,63,20260103,50.0,391.69,0.0,19584.5,0.0,0.0
186,186,88,1,62,20260103,16.0,28.58,0.0,457.28,0.0,0.0
187,187,3,1,31,20260103,19.0,18.85,0.0,358.15,0.0,0.0
188,188,95,1,50,20260103,14.0,351.27,0.0,4917.78,0.0,0.0
189,189,77,1,67,20260103,32.0,91.79,0.0,2937.28,0.0,0.0
190,190,11,1,24,20260103,47.0,193.11,0.0,9076.17,0.0,0.0
191,191,47,1,27,20260103,48.0,302.31,0.0,14510.88,0.0,0.0
192,192,81,1,22,20260103,39.0,301.27,0.0,11749.53,0.0,0.0
193,193,75,1,59,20260103,9.0,157.18,0.0,1414.62,0.0,0.0
194,194,8,1,77,20260103,29.0,375.97,0.0,10903.13,0.0,0.0
195,195,10,1,37,20260103,43.0,155.24,0.0,6675.32,0.0,0.0
196,196,54,1,75,20260103,2.0,230.72,0.0,461.44,0.0,0.0
197,197,83,1,11,20260103,35.0,451.65,0.0,15807.75,0.0,0.0
198,198,82,1,4,20260103,23.0,73.68,0.0,1694.64,0.0,0.0
199,199,4,1,27,20260103,28.0,180.98,0.0,5067.44,0.0,0.0
200,200,18,1,32,20260103,5.0,320.6,0.0,1603.0,0.0,0.0
201,201,17,1,14,20260103,23.0,30.66,0.0,705.18,0.0,0.0
202,202,14,1,15,20260103,34.0,456.51,0.0,15521.34,0.0,0.0
203,203,37,1,44,20260103,38.0,407.95,0.0,15502.1,0.0,0.0
204,204,41,1,50,20260103,28.0,165.26,0.0,4627.28,0.0,0.0
205,205,37,1,66,20260103,25.0,22.55,0.0,563.75,0.0,0.0
206,206,26,1,59,20260103,45.0,220.17,0.0,9907.65,0.0,0.0
207,207,40,1,55,20260103,12.0,353.98,0.0,4247.76,0.0,0.0
208,208,32,1,73,20260103,26.0,78.85,0.0,2050.1,0.0,0.0
209,209,5,1,43,20260103,30.0,190.49,0.0,5714.7,0.0,0.0
210,210,57,1,77,20260103,28.0,75.51,0.0,2114.28,0.0,0.0
211,211,43,1,63,20260103,16.0,471.25,0.0,7540.0,0.0,0.0
212,212,84,1,66,20260103,22.0,75.22,0.0,1654.84,0.0,0.0
213,213,14,1,49,20260103,5.0,134.49,0.0,672.45,0.0,0.0
214,214,2,1,65,20260103,8.0,386.2,0.0,3089.6,0.0,0.0
215,215,55,1,16,20260103,9.0,132.36,0.0,1191.24,0.0,0.0
216,216,32,1,52,20260103,48.0,161.98,0.0,7775.04,0.0,0.0
217,217,38,1,53,20260103,45.0,400.31,0.0,18013.95,0.0,0.0
218,218,45,1,5,20260103,19.0,162.04,0.0,3078.76,0.0,0.0
219,219,12,1,1,20260103,21.0,142.54,0.0,2993.34,0.0,0.0
220,220,56,1,22,20260103,3.0,474.33,0.0,1422.99,0.0,0.0
221,221,51,1,2,20260103,20.0,191.27,0.0,3825.4,0.0,0.0
222,222,26,1,3,20260103,32.0,435.34,0.0,13930.88,0.0,0.0
223,223,34,1,26,20260103,34.0,128.01,0.0,4352.34,0.0,0.0
224,224,45,1,8,20260103,10.0,383.99,0.0,3839.9,0.0,0.0
225,225,91,1,52,20260103,6.0,444.76,0.0,2668.56,0.0,0.0
226,226,10,1,5,20260103,15.0,245.93,0.0,3688.95,0.0,0.0
227,227,76,1,2,20260103,25.0,239.85,0.0,5996.25,0.0,0.0
228,228,19,1,49,20260103,16.0,282.64,0.0,4522.24,0.0,0.0
229,229,35,1,27,20260103,18.0,47.95,0.0,863.1,0.0,0.0
230,230,53,1,72,20260103,35.0,110.92,0.0,3882.2,0.0,0.0
231,231,23,1,44,20260103,19.0,264.98,0.0,5034.62,0.0,0.0
232,232,15,1,16,20260103,34.0,465.5,0.0,15827.0,0.0,0.0
233,233,43,1,23,20260103,1.0,63.87,0.0,63.87,0.0,0.0
234,234,97,1,62,20260103,16.0,145.9,0.0,2334.4,0.0,0.0
235,235,9,1,8,20260103,29.0,274.65,0.0,7964.85,0.0,0.0
236,236,45,1,72,20260103,4.0,5.32,0.0,21.28,0.0,0.0
237,237,4,1,46,20260103,2.0,139.56,0.0,279.12,0.0,0.0
238,238,29,1,16,20260103,5.0,312.28,0.0,1561.4,0.0,0.0
239,239,69,1,52,20260103,11.0,351.64,0.0,3868.04,0.0,0.0
240,240,96,1,63,20260103,17.0,437.09,0.0,7430.53,0.0,0.0
241,241,48,1,50,20260103,30.0,133.78,0.0,4013.4,0.0,0.0
242,242,5,1,21,20260103,46.0,123.09,0.0,5662.14,0.0,0.0
243,243,51,1,19,20260103,8.0,154.15,0.0,1233.2,0.0,0.0
244,244,100,1,3,20260103,28.0,241.84,0.0,6771.52,0.0,0.0
245,245,32,1,12,20260103,33.0,41.12,0.0,1356.96,0.0,0.0
246,246,96,1,70,20260103,41.0,329.69,0.0,13517.29,0.0,0.0
247,247,21,1,6,20260103,34.0,191.52,0.0,6511.68,0.0,0.0
248,248,10,1,68,20260103,46.0,51.23,0.0,2356.58,0.0,0.0
249,249,63,1,57,20260103,49.0,361.18,0.0,17697.82,0.0,0.0
250,250,27,1,34,20260103,24.0,472.36,0.0,11336.64,0.0,0.0
251,251,84,1,71,20260103,27.0,167.66,0.0,4526.82,0.0,0.0
252,252,97,1,72,20260103,46.0,279.65,0.0,12863.9,0.0,0.0
253,253,76,1,67,20260103,29.0,372.73,0.0,10809.17,0.0,0.0
254,254,76,1,11,20260103,17.0,395.66,0.0,6726.22,0.0,0.0
255,255,72,1,29,20260103,35.0,78.34,0.0,2741.9,0.0,0.0
256,256,80,1,16,20260103,32.0,401.96,0.0,12862.72,0.0,0.0
257,257,67,1,36,20260103,27.0,463.83,0.0,12523.41,0.0,0.0
258,258,98,1,41,20260103,4.0,28.49,0.0,113.96,0.0,0.0
259,259,8,1,38,20260103,16.0,191.66,0.0,3066.56,0.0,0.0
260,260,88,1,75,20260103,8.0,285.47,0.0,2283.76,0.0,0.0
261,261,82,1,70,20260103,11.0,65.42,0.0,719.62,0.0,0.0
262,262,27,1,37,20260103,31.0,414.05,0.0,12835.55,0.0,0.0
263,263,29,1,56,20260103,21.0,77.65,0.0,1630.65,0.0,0.0
264,264,99,1,74,20260103,19.0,317.97,0.0,6041.43,0.0,0.0
265,265,8,1,28,20260103,30.0,75.03,0.0,2250.9,0.0,0.0
266,266,18,1,67,20260103,39.0,335.61,0.0,13088.79,0.0,0.0
267,267,88,1,15,20260103,12.0,166.36,0.0,1996.32,0.0,0.0
268,268,95,1,5,20260103,5.0,160.57,0.0,802.85,0.0,0.0
269,269,97,1,56,20260103,3.0,131.56,0.0,394.68,0.0,0.0
270,270,44,1,45,20260103,26.0,463.43,0.0,12049.18,0.0,0.0
271,271,17,1,33,20260103,6.0,10.95,0.0,65.7,0.0,0.0
272,272,69,1,41,20260103,12.0,350.46,0.0,4205.52,0.0,0.0
273,273,5,1,65,20260103,3.0,87.42,0.0,262.26,0.0,0.0
274,274,61,1,76,20260103,1.0,242.26,0.0,242.26,0.0,0.0
275,275,7,1,68,20260103,2.0,226.92,0.0,453.84,0.0,0.0
276,276,25,1,10,20260103,21.0,338.93,0.0,7117.53,0.0,0.0
277,277,95,1,44,20260103,32.0,411.54,0.0,13169.28,0.0,0.0
278,278,8,1,2,20260103,26.0,226.52,0.0,5889.52,0.0,0.0
279,279,75,1,15,20260103,45.0,171.59,0.0,7721.55,0.0,0.0
280,280,12,1,63,20260103,49.0,128.64,0.0,6303.36,0.0,0.0
281,281,80,1,28,20260103,21.0,450.04,0.0,9450.84,0.0,0.0
282,282,54,1,65,20260103,26.0,153.01,0.0,3978.26,0.0,0.0
283,283,100,1,51,20260103,12.0,140.87,0.0,1690.44,0.0,0.0
284,284,69,1,10,20260103,2.0,263.29,0.0,526.58,0.0,0.0
285,285,28,1,3,20260103,47.0,191.38,0.0,8994.86,0.0,0.0
286,286,30,1,16,20260103,46.0,472.24,0.0,21723.04,0.0,0.0
287,287,12,1,29,20260103,11.0,349.03,0.0,3839.33,0.0,0.0
288,288,51,1,36,20260103,40.0,94.5,0.0,3780.0,0.0,0.0
289,289,71,1,46,20260103,3.0,253.8,0.0,761.4,0.0,0.0
290,290,29,1,22,20260103,21.0,268.03,0.0,5628.63,0.0,0.0
291,291,93,1,73,20260103,8.0,141.6,0.0,1132.8,0.0,0.0
292,292,86,1,69,20260103,2.0,243.24,0.0,486.48,0.0,0.0
293,293,18,1,63,20260103,29.0,471.83,0.0,13683.07,0.0,0.0
294,294,86,1,17,20260103,2.0,466.41,0.0,932.82,0.0,0.0
295,295,89,1,37,20260103,7.0,143.49,0.0,1004.43,0.0,0.0
296,296,36,1,52,20260103,19.0,496.89,0.0,9440.91,0.0,0.0
297,297,81,1,35,20260103,45.0,220.9,0.0,9940.5,0.0,0.0
298,298,9,1,52,20260103,24.0,42.01,0.0,1008.24,0.0,0.0
299,299,26,1,74,20260103,39.0,327.21,0.0,12761.19,0.0,0.0
300,300,98,1,58,20260103,30.0,473.24,0.0,14197.2,0.0,0.0
301,301,92,1,42,20260103,5.0,35.35,0.0,176.75,0.0,0.0
302,302,20,1,44,20260103,47.0,325.06,0.0,15277.82,0.0,0.0
303,303,1,1,63,20260103,2.0,132.48,0.0,264.96,0.0,0.0
304,304,7,1,48,20260103,39.0,176.7,0.0,6891.3,0.0,0.0
305,305,77,1,74,20260103,23.0,444.34,0.0,10219.82,0.0,0.0
306,306,86,1,59,20260103,12.0,175.87,0.0,2110.44,0.0,0.0
307,307,38,1,64,20260103,23.0,414.11,0.0,9524.53,0.0,0.0
308,308,68,1,77,20260103,31.0,43.47,0.0,1347.57,0.0,0.0
309,309,11,1,14,20260103,36.0,36.05,0.0,1297.8,0.0,0.0
310,310,77,1,29,20260103,38.0,131.83,0.0,5009.54,0.0,0.0
311,311,26,1,69,20260103,29.0,464.62,0.0,13473.98,0.0,0.0
312,312,39,1,66,20260103,6.0,316.55,0.0,1899.3,0.0,0.0
313,313,59,1,6,20260103,16.0,100.88,0.0,1614.08,0.0,0.0
314,314,90,1,74,20260103,38.0,108.46,0.0,4121.48,0.0,0.0
315,315,52,1,3,20260103,46.0,415.39,0.0,19107.94,0.0,0.0
316,316,59,1,8,20260103,8.0,183.15,0.0,1465.2,0.0,0.0
317,317,12,1,40,20260103,29.0,358.67,0.0,10401.43,0.0,0.0
318,318,58,1,55,20260103,39.0,61.26,0.0,2389.14,0.0,0.0
1263,1263,32,1,50,20260104,14.0,304.1,0.0,4257.4,0.0,0.0
1274,1274,77,1,37,20260104,50.0,24.4,0.0,1220.0,0.0,0.0
1278,1278,60,1,31,20260104,24.0,180.14,0.0,4323.36,0.0,0.0
1282,1282,32,1,53,20260104,46.0,315.76,0.0,14524.96,0.0,0.0
1286,1286,50,1,2,20260104,44.0,482.27,0.0,21219.88,0.0,0.0
1290,1290,87,1,59,20260104,33.0,328.19,0.0,10830.27,0.0,0.0
1267,1267,94,1,57,20260104,33.0,474.9,0.0,15671.7,0.0,0.0
319,319,41,1,76,20260103,21.0,393.42,0.0,8261.82,0.0,0.0
320,320,44,1,73,20260103,10.0,134.78,0.0,1347.8,0.0,0.0
321,321,84,1,65,20260103,45.0,319.97,0.0,14398.65,0.0,0.0
322,322,3,1,66,20260103,44.0,376.07,0.0,16547.08,0.0,0.0
323,323,2,1,33,20260103,42.0,72.95,0.0,3063.9,0.0,0.0
324,324,91,1,26,20260103,44.0,443.36,0.0,19507.84,0.0,0.0
325,325,73,1,56,20260103,12.0,348.71,0.0,4184.52,0.0,0.0
326,326,20,1,39,20260103,21.0,149.47,0.0,3138.87,0.0,0.0
327,327,96,1,53,20260103,16.0,97.52,0.0,1560.32,0.0,0.0
328,328,79,1,19,20260103,29.0,275.44,0.0,7987.76,0.0,0.0
329,329,37,1,24,20260103,26.0,153.77,0.0,3998.02,0.0,0.0
330,330,21,1,57,20260103,41.0,480.37,0.0,19695.17,0.0,0.0
331,331,51,1,16,20260103,49.0,148.74,0.0,7288.26,0.0,0.0
332,332,53,1,62,20260103,20.0,87.29,0.0,1745.8,0.0,0.0
333,333,95,1,70,20260103,22.0,146.06,0.0,3213.32,0.0,0.0
334,334,64,1,61,20260103,4.0,260.85,0.0,1043.4,0.0,0.0
335,335,32,1,8,20260103,27.0,194.17,0.0,5242.59,0.0,0.0
336,336,100,1,36,20260103,1.0,337.05,0.0,337.05,0.0,0.0
337,337,10,1,8,20260103,39.0,380.1,0.0,14823.9,0.0,0.0
338,338,24,1,49,20260103,10.0,156.26,0.0,1562.6,0.0,0.0
339,339,91,1,11,20260103,19.0,448.35,0.0,8518.65,0.0,0.0
340,340,56,1,25,20260103,45.0,264.95,0.0,11922.75,0.0,0.0
341,341,56,1,29,20260103,3.0,421.15,0.0,1263.45,0.0,0.0
342,342,27,1,59,20260103,33.0,185.45,0.0,6119.85,0.0,0.0
343,343,47,1,49,20260103,43.0,277.63,0.0,11938.09,0.0,0.0
344,344,70,1,26,20260103,25.0,212.3,0.0,5307.5,0.0,0.0
345,345,54,1,54,20260103,43.0,256.22,0.0,11017.46,0.0,0.0
346,346,75,1,24,20260103,31.0,313.97,0.0,9733.07,0.0,0.0
347,347,52,1,72,20260103,38.0,488.84,0.0,18575.92,0.0,0.0
348,348,28,1,39,20260103,41.0,78.39,0.0,3213.99,0.0,0.0
349,349,3,1,6,20260103,9.0,332.76,0.0,2994.84,0.0,0.0
350,350,95,1,31,20260103,23.0,309.22,0.0,7112.06,0.0,0.0
351,351,30,1,44,20260103,41.0,99.55,0.0,4081.55,0.0,0.0
352,352,83,1,27,20260103,37.0,119.38,0.0,4417.06,0.0,0.0
353,353,81,1,11,20260103,15.0,437.79,0.0,6566.85,0.0,0.0
354,354,85,1,71,20260103,14.0,8.32,0.0,116.48,0.0,0.0
355,355,69,1,60,20260103,2.0,236.81,0.0,473.62,0.0,0.0
356,356,47,1,49,20260103,5.0,20.8,0.0,104.0,0.0,0.0
357,357,92,1,7,20260103,5.0,73.4,0.0,367.0,0.0,0.0
358,358,51,1,70,20260103,27.0,488.1,0.0,13178.7,0.0,0.0
359,359,33,1,68,20260103,19.0,157.93,0.0,3000.67,0.0,0.0
360,360,89,1,13,20260103,20.0,341.05,0.0,6821.0,0.0,0.0
361,361,69,1,23,20260103,5.0,166.45,0.0,832.25,0.0,0.0
362,362,5,1,35,20260103,30.0,240.4,0.0,7212.0,0.0,0.0
363,363,95,1,28,20260103,34.0,223.25,0.0,7590.5,0.0,0.0
364,364,88,1,2,20260103,47.0,26.29,0.0,1235.63,0.0,0.0
365,365,3,1,42,20260103,12.0,288.06,0.0,3456.72,0.0,0.0
366,366,84,1,40,20260103,9.0,425.3,0.0,3827.7,0.0,0.0
367,367,32,1,33,20260103,43.0,316.54,0.0,13611.22,0.0,0.0
368,368,77,1,64,20260103,3.0,341.93,0.0,1025.79,0.0,0.0
369,369,33,1,19,20260103,30.0,195.26,0.0,5857.8,0.0,0.0
370,370,2,1,52,20260103,11.0,431.67,0.0,4748.37,0.0,0.0
371,371,37,1,71,20260103,44.0,241.44,0.0,10623.36,0.0,0.0
372,372,90,1,52,20260103,24.0,281.33,0.0,6751.92,0.0,0.0
373,373,5,1,54,20260103,22.0,324.83,0.0,7146.26,0.0,0.0
374,374,41,1,30,20260103,40.0,159.11,0.0,6364.4,0.0,0.0
375,375,98,1,30,20260103,34.0,137.89,0.0,4688.26,0.0,0.0
376,376,28,1,73,20260103,27.0,294.87,0.0,7961.49,0.0,0.0
377,377,26,1,70,20260103,42.0,294.87,0.0,12384.54,0.0,0.0
378,378,90,1,32,20260103,21.0,240.6,0.0,5052.6,0.0,0.0
379,379,45,1,46,20260103,5.0,111.15,0.0,555.75,0.0,0.0
380,380,25,1,41,20260103,18.0,240.91,0.0,4336.38,0.0,0.0
381,381,1,1,69,20260103,17.0,302.14,0.0,5136.38,0.0,0.0
382,382,32,1,6,20260103,13.0,169.11,0.0,2198.43,0.0,0.0
383,383,95,1,5,20260103,46.0,439.65,0.0,20223.9,0.0,0.0
384,384,25,1,46,20260103,38.0,47.93,0.0,1821.34,0.0,0.0
385,385,16,1,3,20260103,14.0,203.74,0.0,2852.36,0.0,0.0
386,386,17,1,45,20260103,45.0,136.66,0.0,6149.7,0.0,0.0
387,387,36,1,25,20260103,3.0,89.05,0.0,267.15,0.0,0.0
388,388,80,1,75,20260103,29.0,308.15,0.0,8936.35,0.0,0.0
389,389,27,1,32,20260103,35.0,244.63,0.0,8562.05,0.0,0.0
390,390,14,1,37,20260103,32.0,119.2,0.0,3814.4,0.0,0.0
391,391,68,1,33,20260103,8.0,30.9,0.0,247.2,0.0,0.0
392,392,96,1,41,20260103,27.0,282.61,0.0,7630.47,0.0,0.0
393,393,73,1,55,20260103,18.0,38.45,0.0,692.1,0.0,0.0
394,394,40,1,28,20260103,26.0,142.42,0.0,3702.92,0.0,0.0
395,395,35,1,12,20260103,32.0,272.98,0.0,8735.36,0.0,0.0
396,396,56,1,15,20260103,37.0,157.97,0.0,5844.89,0.0,0.0
397,397,4,1,13,20260103,2.0,92.15,0.0,184.3,0.0,0.0
398,398,99,1,73,20260103,18.0,169.69,0.0,3054.42,0.0,0.0
399,399,35,1,58,20260103,17.0,36.32,0.0,617.44,0.0,0.0
400,400,94,1,52,20260103,26.0,494.21,0.0,12849.46,0.0,0.0
401,401,69,1,55,20260103,39.0,125.6,0.0,4898.4,0.0,0.0
402,402,95,1,12,20260103,22.0,86.72,0.0,1907.84,0.0,0.0
403,403,50,1,34,20260103,49.0,289.41,0.0,14181.09,0.0,0.0
404,404,55,1,42,20260103,28.0,247.27,0.0,6923.56,0.0,0.0
405,405,11,1,71,20260103,43.0,93.18,0.0,4006.74,0.0,0.0
406,406,57,1,54,20260103,25.0,82.98,0.0,2074.5,0.0,0.0
407,407,46,1,44,20260103,46.0,360.59,0.0,16587.14,0.0,0.0
408,408,14,1,57,20260103,8.0,346.37,0.0,2770.96,0.0,0.0
409,409,71,1,12,20260103,32.0,241.29,0.0,7721.28,0.0,0.0
410,410,35,1,27,20260103,14.0,287.35,0.0,4022.9,0.0,0.0
411,411,3,1,48,20260103,7.0,194.96,0.0,1364.72,0.0,0.0
412,412,39,1,35,20260103,24.0,342.21,0.0,8213.04,0.0,0.0
413,413,64,1,34,20260103,31.0,33.47,0.0,1037.57,0.0,0.0
414,414,49,1,55,20260103,1.0,133.5,0.0,133.5,0.0,0.0
415,415,24,1,70,20260103,19.0,494.06,0.0,9387.14,0.0,0.0
416,416,58,1,5,20260103,43.0,294.18,0.0,12649.74,0.0,0.0
417,417,72,1,6,20260103,34.0,18.39,0.0,625.26,0.0,0.0
418,418,40,1,58,20260103,41.0,213.41,0.0,8749.81,0.0,0.0
419,419,76,1,54,20260103,34.0,140.74,0.0,4785.16,0.0,0.0
420,420,77,1,8,20260103,8.0,31.07,0.0,248.56,0.0,0.0
421,421,84,1,63,20260103,38.0,398.62,0.0,15147.56,0.0,0.0
422,422,21,1,7,20260103,14.0,421.98,0.0,5907.72,0.0,0.0
423,423,63,1,63,20260103,25.0,384.46,0.0,9611.5,0.0,0.0
425,425,83,1,34,20260103,29.0,471.24,0.0,13665.96,0.0,0.0
426,426,54,1,76,20260103,31.0,187.91,0.0,5825.21,0.0,0.0
427,427,10,1,40,20260103,27.0,314.27,0.0,8485.29,0.0,0.0
428,428,25,1,54,20260103,7.0,256.85,0.0,1797.95,0.0,0.0
429,429,2,1,37,20260103,31.0,24.34,0.0,754.54,0.0,0.0
430,430,69,1,33,20260103,18.0,83.32,0.0,1499.76,0.0,0.0
431,431,24,1,9,20260103,36.0,244.19,0.0,8790.84,0.0,0.0
424,424,67,1,63,20260103,4.0,440.38,0.0,1761.52,0.0,0.0
432,432,42,1,13,20260103,48.0,227.19,0.0,10905.12,0.0,0.0
433,433,54,1,61,20260103,46.0,51.49,0.0,2368.54,0.0,0.0
434,434,44,1,39,20260103,23.0,462.39,0.0,10634.97,0.0,0.0
435,435,79,1,19,20260103,41.0,432.84,0.0,17746.44,0.0,0.0
436,436,68,1,63,20260103,4.0,483.72,0.0,1934.88,0.0,0.0
437,437,11,1,12,20260103,41.0,445.56,0.0,18267.96,0.0,0.0
438,438,47,1,51,20260103,36.0,495.91,0.0,17852.76,0.0,0.0
439,439,37,1,59,20260103,20.0,76.38,0.0,1527.6,0.0,0.0
440,440,46,1,7,20260103,15.0,130.92,0.0,1963.8,0.0,0.0
441,441,31,1,32,20260103,46.0,219.52,0.0,10097.92,0.0,0.0
442,442,66,1,62,20260103,13.0,397.18,0.0,5163.34,0.0,0.0
443,443,57,1,63,20260103,32.0,332.46,0.0,10638.72,0.0,0.0
444,444,66,1,34,20260103,7.0,155.73,0.0,1090.11,0.0,0.0
445,445,13,1,65,20260103,12.0,21.65,0.0,259.8,0.0,0.0
446,446,98,1,31,20260103,38.0,317.54,0.0,12066.52,0.0,0.0
447,447,77,1,67,20260103,26.0,98.98,0.0,2573.48,0.0,0.0
448,448,48,1,14,20260103,16.0,80.06,0.0,1280.96,0.0,0.0
449,449,76,1,14,20260103,19.0,491.54,0.0,9339.26,0.0,0.0
450,450,75,1,47,20260103,11.0,277.64,0.0,3054.04,0.0,0.0
451,451,6,1,73,20260103,48.0,122.12,0.0,5861.76,0.0,0.0
452,452,14,1,25,20260103,36.0,390.48,0.0,14057.28,0.0,0.0
453,453,17,1,3,20260103,36.0,11.11,0.0,399.96,0.0,0.0
454,454,12,1,60,20260103,37.0,424.19,0.0,15695.03,0.0,0.0
455,455,46,1,23,20260103,44.0,291.9,0.0,12843.6,0.0,0.0
456,456,53,1,39,20260103,34.0,236.82,0.0,8051.88,0.0,0.0
457,457,65,1,22,20260103,7.0,315.58,0.0,2209.06,0.0,0.0
458,458,92,1,70,20260103,48.0,223.45,0.0,10725.6,0.0,0.0
459,459,86,1,48,20260103,28.0,431.57,0.0,12083.96,0.0,0.0
460,460,55,1,3,20260103,17.0,216.45,0.0,3679.65,0.0,0.0
461,461,66,1,22,20260103,24.0,212.89,0.0,5109.36,0.0,0.0
462,462,75,1,38,20260103,8.0,67.68,0.0,541.44,0.0,0.0
463,463,75,1,39,20260103,34.0,430.87,0.0,14649.58,0.0,0.0
464,464,31,1,29,20260103,38.0,98.79,0.0,3754.02,0.0,0.0
465,465,5,1,46,20260103,20.0,99.19,0.0,1983.8,0.0,0.0
466,466,74,1,7,20260103,13.0,392.83,0.0,5106.79,0.0,0.0
467,467,11,1,16,20260103,11.0,274.7,0.0,3021.7,0.0,0.0
468,468,85,1,77,20260103,37.0,246.07,0.0,9104.59,0.0,0.0
469,469,72,1,62,20260103,16.0,140.21,0.0,2243.36,0.0,0.0
470,470,38,1,5,20260103,25.0,31.34,0.0,783.5,0.0,0.0
471,471,72,1,47,20260103,40.0,232.36,0.0,9294.4,0.0,0.0
472,472,58,1,63,20260103,39.0,374.49,0.0,14605.11,0.0,0.0
473,473,81,1,66,20260103,42.0,289.64,0.0,12164.88,0.0,0.0
474,474,61,1,46,20260103,9.0,212.27,0.0,1910.43,0.0,0.0
475,475,7,1,39,20260103,25.0,421.72,0.0,10543.0,0.0,0.0
476,476,87,1,2,20260103,45.0,260.67,0.0,11730.15,0.0,0.0
477,477,39,1,3,20260103,30.0,29.46,0.0,883.8,0.0,0.0
478,478,95,1,51,20260103,28.0,425.81,0.0,11922.68,0.0,0.0
479,479,77,1,62,20260103,17.0,232.17,0.0,3946.89,0.0,0.0
480,480,77,1,54,20260103,41.0,164.19,0.0,6731.79,0.0,0.0
481,481,3,1,47,20260103,2.0,327.28,0.0,654.56,0.0,0.0
482,482,62,1,33,20260103,29.0,388.52,0.0,11267.08,0.0,0.0
483,483,39,1,31,20260103,50.0,401.97,0.0,20098.5,0.0,0.0
484,484,65,1,25,20260103,8.0,382.88,0.0,3063.04,0.0,0.0
485,485,23,1,77,20260103,4.0,92.49,0.0,369.96,0.0,0.0
486,486,41,1,42,20260103,16.0,327.25,0.0,5236.0,0.0,0.0
487,487,75,1,49,20260103,18.0,314.51,0.0,5661.18,0.0,0.0
488,488,94,1,10,20260103,44.0,359.68,0.0,15825.92,0.0,0.0
489,489,67,1,11,20260103,5.0,134.87,0.0,674.35,0.0,0.0
490,490,79,1,69,20260103,45.0,143.2,0.0,6444.0,0.0,0.0
491,491,57,1,31,20260103,43.0,221.16,0.0,9509.88,0.0,0.0
492,492,94,1,23,20260103,22.0,371.81,0.0,8179.82,0.0,0.0
493,493,59,1,42,20260103,36.0,440.45,0.0,15856.2,0.0,0.0
494,494,22,1,72,20260103,35.0,402.18,0.0,14076.3,0.0,0.0
495,495,72,1,42,20260103,18.0,215.21,0.0,3873.78,0.0,0.0
496,496,79,1,77,20260103,34.0,17.46,0.0,593.64,0.0,0.0
497,497,69,1,33,20260103,46.0,378.92,0.0,17430.32,0.0,0.0
498,498,99,1,57,20260103,42.0,360.9,0.0,15157.8,0.0,0.0
499,499,37,1,48,20260103,27.0,284.11,0.0,7670.97,0.0,0.0
500,500,88,1,43,20260103,30.0,157.97,0.0,4739.1,0.0,0.0
501,501,24,1,62,20260103,2.0,433.14,0.0,866.28,0.0,0.0
502,502,4,1,42,20260103,47.0,119.53,0.0,5617.91,0.0,0.0
503,503,24,1,73,20260103,48.0,449.18,0.0,21560.64,0.0,0.0
504,504,6,1,13,20260103,13.0,393.41,0.0,5114.33,0.0,0.0
505,505,33,1,53,20260103,5.0,123.82,0.0,619.1,0.0,0.0
506,506,88,1,32,20260103,29.0,348.62,0.0,10109.98,0.0,0.0
507,507,24,1,37,20260103,17.0,113.05,0.0,1921.85,0.0,0.0
508,508,34,1,63,20260103,37.0,383.87,0.0,14203.19,0.0,0.0
509,509,88,1,16,20260103,9.0,212.25,0.0,1910.25,0.0,0.0
510,510,58,1,29,20260103,25.0,283.39,0.0,7084.75,0.0,0.0
511,511,68,1,9,20260103,8.0,374.79,0.0,2998.32,0.0,0.0
512,512,73,1,68,20260103,23.0,220.2,0.0,5064.6,0.0,0.0
513,513,7,1,35,20260103,32.0,218.84,0.0,7002.88,0.0,0.0
514,514,54,1,42,20260103,29.0,173.54,0.0,5032.66,0.0,0.0
515,515,92,1,39,20260103,24.0,359.18,0.0,8620.32,0.0,0.0
516,516,30,1,1,20260103,4.0,156.68,0.0,626.72,0.0,0.0
517,517,7,1,41,20260103,33.0,197.27,0.0,6509.91,0.0,0.0
518,518,43,1,60,20260103,44.0,147.5,0.0,6490.0,0.0,0.0
519,519,76,1,34,20260103,26.0,68.9,0.0,1791.4,0.0,0.0
520,520,61,1,32,20260103,36.0,262.37,0.0,9445.32,0.0,0.0
521,521,88,1,4,20260103,9.0,128.0,0.0,1152.0,0.0,0.0
522,522,95,1,4,20260103,17.0,214.37,0.0,3644.29,0.0,0.0
523,523,65,1,24,20260103,3.0,312.72,0.0,938.16,0.0,0.0
524,524,76,1,2,20260103,20.0,338.47,0.0,6769.4,0.0,0.0
525,525,88,1,8,20260103,11.0,360.79,0.0,3968.69,0.0,0.0
526,526,84,1,55,20260103,48.0,479.12,0.0,22997.76,0.0,0.0
527,527,73,1,60,20260103,12.0,362.27,0.0,4347.24,0.0,0.0
528,528,26,1,30,20260103,25.0,52.11,0.0,1302.75,0.0,0.0
529,529,44,1,6,20260103,26.0,127.21,0.0,3307.46,0.0,0.0
530,530,1,1,30,20260103,16.0,394.23,0.0,6307.68,0.0,0.0
531,531,80,1,17,20260103,34.0,70.27,0.0,2389.18,0.0,0.0
532,532,46,1,21,20260103,42.0,255.74,0.0,10741.08,0.0,0.0
533,533,54,1,72,20260103,6.0,290.31,0.0,1741.86,0.0,0.0
534,534,47,1,23,20260103,4.0,39.75,0.0,159.0,0.0,0.0
535,535,42,1,8,20260103,29.0,411.52,0.0,11934.08,0.0,0.0
536,536,51,1,25,20260103,8.0,130.25,0.0,1042.0,0.0,0.0
537,537,69,1,65,20260103,43.0,49.01,0.0,2107.43,0.0,0.0
538,538,59,1,26,20260103,16.0,213.95,0.0,3423.2,0.0,0.0
539,539,70,1,17,20260103,34.0,488.2,0.0,16598.8,0.0,0.0
540,540,82,1,37,20260103,19.0,230.65,0.0,4382.35,0.0,0.0
541,541,67,1,24,20260103,21.0,44.94,0.0,943.74,0.0,0.0
542,542,13,1,40,20260103,40.0,415.76,0.0,16630.4,0.0,0.0
543,543,84,1,22,20260103,49.0,497.16,0.0,24360.84,0.0,0.0
544,544,62,1,29,20260103,14.0,473.5,0.0,6629.0,0.0,0.0
545,545,23,1,49,20260103,32.0,371.65,0.0,11892.8,0.0,0.0
546,546,75,1,55,20260103,24.0,60.21,0.0,1445.04,0.0,0.0
547,547,41,1,49,20260103,47.0,309.28,0.0,14536.16,0.0,0.0
548,548,7,1,40,20260103,30.0,110.34,0.0,3310.2,0.0,0.0
549,549,95,1,50,20260103,49.0,321.59,0.0,15757.91,0.0,0.0
550,550,64,1,74,20260103,50.0,471.81,0.0,23590.5,0.0,0.0
551,551,73,1,54,20260103,42.0,412.93,0.0,17343.06,0.0,0.0
552,552,84,1,57,20260103,8.0,426.48,0.0,3411.84,0.0,0.0
553,553,56,1,72,20260103,32.0,329.48,0.0,10543.36,0.0,0.0
554,554,95,1,73,20260103,41.0,148.72,0.0,6097.52,0.0,0.0
555,555,27,1,44,20260103,31.0,275.03,0.0,8525.93,0.0,0.0
556,556,57,1,15,20260103,40.0,198.98,0.0,7959.2,0.0,0.0
557,557,33,1,52,20260103,36.0,241.12,0.0,8680.32,0.0,0.0
558,558,40,1,40,20260103,26.0,133.26,0.0,3464.76,0.0,0.0
559,559,63,1,75,20260103,6.0,314.42,0.0,1886.52,0.0,0.0
560,560,54,1,30,20260103,27.0,242.96,0.0,6559.92,0.0,0.0
561,561,10,1,9,20260103,12.0,441.12,0.0,5293.44,0.0,0.0
562,562,27,1,35,20260103,6.0,388.08,0.0,2328.48,0.0,0.0
563,563,58,1,12,20260103,18.0,10.51,0.0,189.18,0.0,0.0
564,564,31,1,27,20260103,12.0,309.27,0.0,3711.24,0.0,0.0
565,565,40,1,44,20260103,11.0,252.49,0.0,2777.39,0.0,0.0
566,566,46,1,3,20260103,20.0,368.73,0.0,7374.6,0.0,0.0
567,567,61,1,7,20260103,20.0,281.53,0.0,5630.6,0.0,0.0
568,568,88,1,29,20260103,16.0,276.49,0.0,4423.84,0.0,0.0
569,569,18,1,46,20260103,4.0,394.31,0.0,1577.24,0.0,0.0
570,570,55,1,60,20260103,45.0,23.18,0.0,1043.1,0.0,0.0
571,571,96,1,3,20260103,24.0,144.5,0.0,3468.0,0.0,0.0
572,572,12,1,62,20260103,3.0,333.11,0.0,999.33,0.0,0.0
573,573,5,1,31,20260103,10.0,277.5,0.0,2775.0,0.0,0.0
574,574,87,1,23,20260103,50.0,64.17,0.0,3208.5,0.0,0.0
575,575,84,1,63,20260103,12.0,496.09,0.0,5953.08,0.0,0.0
576,576,49,1,75,20260103,41.0,52.22,0.0,2141.02,0.0,0.0
577,577,99,1,26,20260103,16.0,65.12,0.0,1041.92,0.0,0.0
578,578,3,1,69,20260103,17.0,463.24,0.0,7875.08,0.0,0.0
579,579,1,1,37,20260103,43.0,51.65,0.0,2220.95,0.0,0.0
580,580,66,1,19,20260103,45.0,92.0,0.0,4140.0,0.0,0.0
581,581,38,1,41,20260103,35.0,483.31,0.0,16915.85,0.0,0.0
582,582,59,1,24,20260103,8.0,229.01,0.0,1832.08,0.0,0.0
583,583,97,1,36,20260103,18.0,30.06,0.0,541.08,0.0,0.0
584,584,23,1,49,20260103,22.0,163.45,0.0,3595.9,0.0,0.0
585,585,37,1,20,20260103,36.0,491.33,0.0,17687.88,0.0,0.0
586,586,12,1,37,20260103,50.0,471.03,0.0,23551.5,0.0,0.0
587,587,100,1,62,20260103,22.0,45.21,0.0,994.62,0.0,0.0
588,588,71,1,45,20260103,10.0,45.42,0.0,454.2,0.0,0.0
589,589,10,1,57,20260103,47.0,183.55,0.0,8626.85,0.0,0.0
590,590,70,1,4,20260103,27.0,137.9,0.0,3723.3,0.0,0.0
591,591,21,1,1,20260103,14.0,206.34,0.0,2888.76,0.0,0.0
592,592,72,1,23,20260103,42.0,224.57,0.0,9431.94,0.0,0.0
593,593,93,1,30,20260103,20.0,146.88,0.0,2937.6,0.0,0.0
594,594,38,1,21,20260103,38.0,171.57,0.0,6519.66,0.0,0.0
595,595,85,1,38,20260103,21.0,388.14,0.0,8150.94,0.0,0.0
596,596,29,1,8,20260103,18.0,494.47,0.0,8900.46,0.0,0.0
597,597,1,1,56,20260103,16.0,6.86,0.0,109.76,0.0,0.0
598,598,94,1,37,20260103,17.0,153.77,0.0,2614.09,0.0,0.0
599,599,59,1,64,20260103,6.0,152.36,0.0,914.16,0.0,0.0
600,600,8,1,64,20260103,29.0,272.63,0.0,7906.27,0.0,0.0
601,601,3,1,77,20260103,15.0,254.08,0.0,3811.2,0.0,0.0
602,602,7,1,10,20260103,32.0,60.53,0.0,1936.96,0.0,0.0
603,603,62,1,66,20260103,16.0,93.45,0.0,1495.2,0.0,0.0
604,604,1,1,69,20260103,33.0,317.96,0.0,10492.68,0.0,0.0
605,605,13,1,72,20260103,44.0,148.87,0.0,6550.28,0.0,0.0
606,606,60,1,29,20260103,39.0,461.11,0.0,17983.29,0.0,0.0
607,607,57,1,47,20260103,44.0,221.38,0.0,9740.72,0.0,0.0
608,608,18,1,70,20260103,13.0,5.56,0.0,72.28,0.0,0.0
609,609,89,1,27,20260103,20.0,361.88,0.0,7237.6,0.0,0.0
610,610,85,1,3,20260103,33.0,266.61,0.0,8798.13,0.0,0.0
611,611,75,1,70,20260103,1.0,421.82,0.0,421.82,0.0,0.0
612,612,56,1,68,20260103,29.0,150.43,0.0,4362.47,0.0,0.0
613,613,66,1,40,20260103,6.0,351.38,0.0,2108.28,0.0,0.0
614,614,95,1,40,20260103,27.0,284.51,0.0,7681.77,0.0,0.0
615,615,91,1,69,20260103,35.0,352.74,0.0,12345.9,0.0,0.0
616,616,22,1,50,20260103,32.0,338.89,0.0,10844.48,0.0,0.0
617,617,5,1,6,20260103,8.0,152.86,0.0,1222.88,0.0,0.0
618,618,60,1,65,20260103,38.0,385.13,0.0,14634.94,0.0,0.0
619,619,41,1,30,20260103,2.0,142.54,0.0,285.08,0.0,0.0
620,620,59,1,67,20260103,44.0,77.54,0.0,3411.76,0.0,0.0
621,621,35,1,51,20260103,10.0,358.93,0.0,3589.3,0.0,0.0
622,622,1,1,42,20260103,12.0,147.22,0.0,1766.64,0.0,0.0
623,623,32,1,39,20260103,21.0,102.53,0.0,2153.13,0.0,0.0
624,624,71,1,37,20260103,46.0,149.12,0.0,6859.52,0.0,0.0
625,625,32,1,63,20260103,36.0,261.28,0.0,9406.08,0.0,0.0
626,626,88,1,42,20260103,40.0,216.45,0.0,8658.0,0.0,0.0
627,627,44,1,42,20260103,18.0,304.75,0.0,5485.5,0.0,0.0
628,628,35,1,41,20260103,33.0,358.84,0.0,11841.72,0.0,0.0
629,629,9,1,7,20260103,39.0,212.2,0.0,8275.8,0.0,0.0
630,630,51,1,17,20260103,17.0,108.1,0.0,1837.7,0.0,0.0
631,631,89,1,7,20260103,9.0,427.46,0.0,3847.14,0.0,0.0
632,632,30,1,22,20260103,45.0,198.22,0.0,8919.9,0.0,0.0
633,633,59,1,74,20260103,41.0,361.38,0.0,14816.58,0.0,0.0
634,634,73,1,5,20260103,27.0,346.85,0.0,9364.95,0.0,0.0
635,635,51,1,33,20260103,37.0,138.5,0.0,5124.5,0.0,0.0
636,636,56,1,36,20260103,24.0,419.88,0.0,10077.12,0.0,0.0
637,637,97,1,55,20260103,18.0,277.42,0.0,4993.56,0.0,0.0
638,638,11,1,12,20260103,31.0,168.03,0.0,5208.93,0.0,0.0
639,639,41,1,5,20260103,44.0,116.86,0.0,5141.84,0.0,0.0
640,640,16,1,24,20260103,9.0,182.0,0.0,1638.0,0.0,0.0
641,641,54,1,39,20260103,14.0,251.03,0.0,3514.42,0.0,0.0
642,642,83,1,17,20260103,48.0,25.78,0.0,1237.44,0.0,0.0
643,643,55,1,52,20260103,24.0,295.5,0.0,7092.0,0.0,0.0
644,644,26,1,47,20260103,42.0,124.32,0.0,5221.44,0.0,0.0
645,645,30,1,13,20260103,5.0,197.32,0.0,986.6,0.0,0.0
646,646,97,1,22,20260103,48.0,447.72,0.0,21490.56,0.0,0.0
647,647,61,1,34,20260103,38.0,236.8,0.0,8998.4,0.0,0.0
1262,1262,86,1,62,20260104,46.0,225.24,0.0,10361.04,0.0,0.0
1266,1266,64,1,69,20260104,10.0,405.24,0.0,4052.4,0.0,0.0
1275,1275,56,1,56,20260104,21.0,94.92,0.0,1993.32,0.0,0.0
1279,1279,17,1,8,20260104,47.0,244.93,0.0,11511.71,0.0,0.0
1283,1283,46,1,62,20260104,48.0,425.1,0.0,20404.8,0.0,0.0
1287,1287,8,1,69,20260104,36.0,240.71,0.0,8665.56,0.0,0.0
1268,1268,84,1,70,20260104,16.0,94.75,0.0,1516.0,0.0,0.0
648,648,18,1,20,20260103,14.0,60.53,0.0,847.42,0.0,0.0
649,649,28,1,50,20260103,38.0,455.04,0.0,17291.52,0.0,0.0
650,650,65,1,25,20260103,31.0,272.91,0.0,8460.21,0.0,0.0
651,651,4,1,61,20260103,22.0,28.97,0.0,637.34,0.0,0.0
652,652,65,1,28,20260103,18.0,59.82,0.0,1076.76,0.0,0.0
653,653,50,1,44,20260103,38.0,423.87,0.0,16107.06,0.0,0.0
654,654,45,1,34,20260103,25.0,380.49,0.0,9512.25,0.0,0.0
655,655,87,1,68,20260103,12.0,53.94,0.0,647.28,0.0,0.0
656,656,20,1,29,20260103,48.0,433.32,0.0,20799.36,0.0,0.0
657,657,24,1,25,20260103,27.0,274.41,0.0,7409.07,0.0,0.0
658,658,39,1,4,20260103,21.0,234.56,0.0,4925.76,0.0,0.0
659,659,88,1,6,20260103,34.0,473.44,0.0,16096.96,0.0,0.0
660,660,61,1,65,20260103,19.0,19.4,0.0,368.6,0.0,0.0
661,661,58,1,4,20260103,19.0,394.84,0.0,7501.96,0.0,0.0
662,662,60,1,74,20260103,23.0,302.47,0.0,6956.81,0.0,0.0
663,663,39,1,35,20260103,37.0,42.75,0.0,1581.75,0.0,0.0
664,664,24,1,43,20260103,15.0,474.93,0.0,7123.95,0.0,0.0
665,665,53,1,4,20260103,32.0,194.04,0.0,6209.28,0.0,0.0
666,666,36,1,25,20260103,38.0,94.81,0.0,3602.78,0.0,0.0
667,667,30,1,29,20260103,47.0,448.89,0.0,21097.83,0.0,0.0
668,668,10,1,54,20260103,5.0,23.05,0.0,115.25,0.0,0.0
669,669,17,1,23,20260103,20.0,369.19,0.0,7383.8,0.0,0.0
670,670,95,1,35,20260103,25.0,271.43,0.0,6785.75,0.0,0.0
671,671,30,1,60,20260103,4.0,134.42,0.0,537.68,0.0,0.0
672,672,84,1,65,20260103,43.0,256.52,0.0,11030.36,0.0,0.0
673,673,78,1,38,20260103,27.0,229.27,0.0,6190.29,0.0,0.0
674,674,23,1,37,20260103,11.0,197.57,0.0,2173.27,0.0,0.0
675,675,37,1,53,20260103,12.0,390.38,0.0,4684.56,0.0,0.0
676,676,93,1,11,20260103,11.0,165.69,0.0,1822.59,0.0,0.0
677,677,95,1,74,20260103,23.0,164.28,0.0,3778.44,0.0,0.0
678,678,36,1,27,20260103,10.0,8.8,0.0,88.0,0.0,0.0
679,679,88,1,60,20260103,41.0,313.39,0.0,12848.99,0.0,0.0
680,680,14,1,54,20260103,46.0,410.16,0.0,18867.36,0.0,0.0
681,681,17,1,32,20260103,23.0,390.28,0.0,8976.44,0.0,0.0
682,682,10,1,3,20260103,12.0,229.25,0.0,2751.0,0.0,0.0
683,683,32,1,64,20260103,47.0,186.24,0.0,8753.28,0.0,0.0
684,684,31,1,7,20260103,17.0,337.04,0.0,5729.68,0.0,0.0
685,685,2,1,55,20260103,41.0,187.64,0.0,7693.24,0.0,0.0
686,686,20,1,22,20260103,31.0,192.87,0.0,5978.97,0.0,0.0
687,687,54,1,29,20260103,36.0,442.04,0.0,15913.44,0.0,0.0
688,688,96,1,2,20260103,48.0,417.47,0.0,20038.56,0.0,0.0
689,689,100,1,43,20260103,41.0,137.51,0.0,5637.91,0.0,0.0
690,690,65,1,40,20260103,9.0,106.65,0.0,959.85,0.0,0.0
691,691,75,1,18,20260103,32.0,423.14,0.0,13540.48,0.0,0.0
692,692,14,1,41,20260103,49.0,74.69,0.0,3659.81,0.0,0.0
693,693,41,1,62,20260103,44.0,425.69,0.0,18730.36,0.0,0.0
694,694,44,1,49,20260103,50.0,279.21,0.0,13960.5,0.0,0.0
695,695,18,1,18,20260103,1.0,69.5,0.0,69.5,0.0,0.0
696,696,76,1,31,20260103,36.0,59.21,0.0,2131.56,0.0,0.0
697,697,2,1,72,20260103,15.0,243.15,0.0,3647.25,0.0,0.0
698,698,61,1,28,20260103,9.0,402.69,0.0,3624.21,0.0,0.0
699,699,42,1,2,20260103,35.0,425.4,0.0,14889.0,0.0,0.0
700,700,44,1,57,20260103,4.0,104.65,0.0,418.6,0.0,0.0
701,701,68,1,34,20260103,10.0,256.91,0.0,2569.1,0.0,0.0
702,702,54,1,38,20260103,9.0,432.48,0.0,3892.32,0.0,0.0
703,703,82,1,62,20260103,47.0,338.22,0.0,15896.34,0.0,0.0
704,704,26,1,39,20260103,35.0,170.51,0.0,5967.85,0.0,0.0
705,705,10,1,27,20260103,11.0,198.83,0.0,2187.13,0.0,0.0
706,706,53,1,52,20260103,36.0,423.74,0.0,15254.64,0.0,0.0
707,707,100,1,18,20260103,3.0,176.83,0.0,530.49,0.0,0.0
708,708,45,1,36,20260103,41.0,254.33,0.0,10427.53,0.0,0.0
709,709,55,1,28,20260103,47.0,48.33,0.0,2271.51,0.0,0.0
710,710,93,1,5,20260103,33.0,21.58,0.0,712.14,0.0,0.0
711,711,86,1,30,20260103,41.0,181.9,0.0,7457.9,0.0,0.0
712,712,1,1,5,20260103,27.0,72.23,0.0,1950.21,0.0,0.0
713,713,8,1,76,20260103,49.0,371.16,0.0,18186.84,0.0,0.0
714,714,50,1,64,20260103,35.0,443.92,0.0,15537.2,0.0,0.0
715,715,81,1,58,20260103,20.0,360.51,0.0,7210.2,0.0,0.0
716,716,44,1,59,20260103,50.0,179.91,0.0,8995.5,0.0,0.0
717,717,92,1,18,20260103,11.0,331.09,0.0,3641.99,0.0,0.0
718,718,86,1,77,20260103,16.0,43.5,0.0,696.0,0.0,0.0
719,719,15,1,63,20260103,3.0,138.41,0.0,415.23,0.0,0.0
720,720,8,1,34,20260103,39.0,468.02,0.0,18252.78,0.0,0.0
721,721,45,1,15,20260103,43.0,234.54,0.0,10085.22,0.0,0.0
722,722,19,1,25,20260103,41.0,127.23,0.0,5216.43,0.0,0.0
723,723,1,1,49,20260103,42.0,187.09,0.0,7857.78,0.0,0.0
724,724,83,1,20,20260103,13.0,414.78,0.0,5392.14,0.0,0.0
725,725,63,1,60,20260103,29.0,280.21,0.0,8126.09,0.0,0.0
726,726,63,1,61,20260103,14.0,373.02,0.0,5222.28,0.0,0.0
727,727,32,1,31,20260103,19.0,262.48,0.0,4987.12,0.0,0.0
728,728,73,1,27,20260103,8.0,332.46,0.0,2659.68,0.0,0.0
729,729,67,1,6,20260103,5.0,425.29,0.0,2126.45,0.0,0.0
730,730,7,1,46,20260103,24.0,179.23,0.0,4301.52,0.0,0.0
731,731,18,1,7,20260103,1.0,156.65,0.0,156.65,0.0,0.0
732,732,85,1,8,20260103,12.0,429.38,0.0,5152.56,0.0,0.0
733,733,29,1,25,20260103,23.0,489.23,0.0,11252.29,0.0,0.0
734,734,56,1,41,20260103,26.0,473.54,0.0,12312.04,0.0,0.0
735,735,75,1,56,20260103,37.0,423.28,0.0,15661.36,0.0,0.0
736,736,70,1,61,20260103,15.0,49.79,0.0,746.85,0.0,0.0
737,737,79,1,57,20260103,27.0,165.69,0.0,4473.63,0.0,0.0
738,738,70,1,47,20260103,3.0,59.24,0.0,177.72,0.0,0.0
739,739,46,1,32,20260103,41.0,249.87,0.0,10244.67,0.0,0.0
740,740,49,1,44,20260103,10.0,310.41,0.0,3104.1,0.0,0.0
741,741,47,1,17,20260103,50.0,464.14,0.0,23207.0,0.0,0.0
742,742,33,1,26,20260103,33.0,204.4,0.0,6745.2,0.0,0.0
743,743,10,1,28,20260103,46.0,78.13,0.0,3593.98,0.0,0.0
744,744,93,1,76,20260103,23.0,316.12,0.0,7270.76,0.0,0.0
745,745,82,1,59,20260103,37.0,129.34,0.0,4785.58,0.0,0.0
746,746,92,1,12,20260103,47.0,442.08,0.0,20777.76,0.0,0.0
747,747,18,1,31,20260103,27.0,365.79,0.0,9876.33,0.0,0.0
748,748,16,1,74,20260103,43.0,16.45,0.0,707.35,0.0,0.0
749,749,76,1,29,20260103,19.0,246.16,0.0,4677.04,0.0,0.0
750,750,72,1,52,20260103,49.0,185.48,0.0,9088.52,0.0,0.0
751,751,90,1,56,20260103,40.0,53.66,0.0,2146.4,0.0,0.0
752,752,78,1,56,20260103,8.0,48.17,0.0,385.36,0.0,0.0
754,754,82,1,50,20260103,27.0,205.15,0.0,5539.05,0.0,0.0
755,755,94,1,35,20260103,18.0,484.06,0.0,8713.08,0.0,0.0
756,756,31,1,9,20260103,44.0,79.74,0.0,3508.56,0.0,0.0
757,757,80,1,23,20260103,40.0,11.35,0.0,454.0,0.0,0.0
758,758,99,1,73,20260103,47.0,348.97,0.0,16401.59,0.0,0.0
759,759,10,1,74,20260103,34.0,109.35,0.0,3717.9,0.0,0.0
760,760,3,1,27,20260103,47.0,164.67,0.0,7739.49,0.0,0.0
753,753,86,1,77,20260103,8.0,414.93,0.0,3319.44,0.0,0.0
761,761,71,1,76,20260103,1.0,310.66,0.0,310.66,0.0,0.0
762,762,40,1,53,20260103,16.0,174.01,0.0,2784.16,0.0,0.0
763,763,96,1,65,20260103,43.0,375.27,0.0,16136.61,0.0,0.0
764,764,18,1,27,20260103,36.0,64.2,0.0,2311.2,0.0,0.0
765,765,81,1,39,20260103,15.0,129.46,0.0,1941.9,0.0,0.0
766,766,5,1,19,20260103,37.0,262.86,0.0,9725.82,0.0,0.0
767,767,74,1,26,20260103,24.0,196.54,0.0,4716.96,0.0,0.0
768,768,22,1,59,20260103,44.0,475.05,0.0,20902.2,0.0,0.0
769,769,55,1,73,20260103,12.0,275.6,0.0,3307.2,0.0,0.0
770,770,90,1,71,20260103,27.0,181.96,0.0,4912.92,0.0,0.0
771,771,26,1,43,20260103,28.0,490.45,0.0,13732.6,0.0,0.0
772,772,72,1,46,20260103,20.0,465.45,0.0,9309.0,0.0,0.0
773,773,31,1,72,20260103,24.0,117.16,0.0,2811.84,0.0,0.0
774,774,96,1,61,20260103,34.0,252.85,0.0,8596.9,0.0,0.0
775,775,11,1,18,20260103,22.0,264.53,0.0,5819.66,0.0,0.0
776,776,76,1,26,20260103,13.0,453.39,0.0,5894.07,0.0,0.0
777,777,93,1,63,20260103,30.0,477.29,0.0,14318.7,0.0,0.0
778,778,99,1,58,20260103,31.0,414.52,0.0,12850.12,0.0,0.0
779,779,54,1,68,20260103,50.0,199.49,0.0,9974.5,0.0,0.0
780,780,77,1,70,20260103,12.0,354.78,0.0,4257.36,0.0,0.0
781,781,61,1,68,20260103,24.0,238.76,0.0,5730.24,0.0,0.0
782,782,68,1,67,20260103,46.0,310.89,0.0,14300.94,0.0,0.0
783,783,54,1,47,20260103,16.0,49.87,0.0,797.92,0.0,0.0
784,784,91,1,14,20260103,18.0,453.43,0.0,8161.74,0.0,0.0
785,785,39,1,63,20260103,48.0,332.48,0.0,15959.04,0.0,0.0
786,786,60,1,66,20260103,26.0,174.92,0.0,4547.92,0.0,0.0
787,787,84,1,42,20260103,44.0,148.16,0.0,6519.04,0.0,0.0
788,788,71,1,3,20260103,2.0,52.86,0.0,105.72,0.0,0.0
789,789,19,1,55,20260103,42.0,256.67,0.0,10780.14,0.0,0.0
790,790,6,1,4,20260103,23.0,178.28,0.0,4100.44,0.0,0.0
791,791,23,1,58,20260103,38.0,261.49,0.0,9936.62,0.0,0.0
792,792,67,1,11,20260103,21.0,373.62,0.0,7846.02,0.0,0.0
793,793,17,1,16,20260103,3.0,246.24,0.0,738.72,0.0,0.0
794,794,53,1,60,20260103,20.0,477.97,0.0,9559.4,0.0,0.0
795,795,54,1,8,20260103,19.0,217.03,0.0,4123.57,0.0,0.0
796,796,41,1,70,20260103,46.0,159.69,0.0,7345.74,0.0,0.0
797,797,91,1,55,20260103,39.0,149.62,0.0,5835.18,0.0,0.0
798,798,84,1,55,20260103,35.0,179.28,0.0,6274.8,0.0,0.0
799,799,66,1,57,20260103,36.0,163.58,0.0,5888.88,0.0,0.0
800,800,47,1,12,20260103,3.0,139.06,0.0,417.18,0.0,0.0
801,801,34,1,59,20260103,50.0,284.17,0.0,14208.5,0.0,0.0
802,802,75,1,43,20260103,45.0,441.32,0.0,19859.4,0.0,0.0
803,803,88,1,33,20260103,47.0,105.45,0.0,4956.15,0.0,0.0
804,804,25,1,57,20260103,27.0,430.16,0.0,11614.32,0.0,0.0
805,805,20,1,24,20260103,9.0,498.67,0.0,4488.03,0.0,0.0
806,806,9,1,13,20260103,34.0,427.18,0.0,14524.12,0.0,0.0
807,807,49,1,39,20260103,13.0,135.47,0.0,1761.11,0.0,0.0
808,808,86,1,17,20260103,23.0,473.29,0.0,10885.67,0.0,0.0
809,809,94,1,5,20260103,17.0,456.09,0.0,7753.53,0.0,0.0
810,810,89,1,24,20260103,20.0,373.48,0.0,7469.6,0.0,0.0
811,811,64,1,69,20260103,30.0,179.55,0.0,5386.5,0.0,0.0
812,812,86,1,75,20260103,7.0,354.37,0.0,2480.59,0.0,0.0
813,813,79,1,31,20260103,29.0,100.19,0.0,2905.51,0.0,0.0
814,814,13,1,68,20260103,3.0,201.65,0.0,604.95,0.0,0.0
815,815,97,1,35,20260103,41.0,71.6,0.0,2935.6,0.0,0.0
816,816,77,1,46,20260103,16.0,124.5,0.0,1992.0,0.0,0.0
817,817,26,1,39,20260103,14.0,165.71,0.0,2319.94,0.0,0.0
818,818,48,1,36,20260103,35.0,313.34,0.0,10966.9,0.0,0.0
819,819,67,1,66,20260103,18.0,312.42,0.0,5623.56,0.0,0.0
820,820,67,1,6,20260103,16.0,325.28,0.0,5204.48,0.0,0.0
821,821,3,1,22,20260103,46.0,220.97,0.0,10164.62,0.0,0.0
822,822,45,1,37,20260103,22.0,358.42,0.0,7885.24,0.0,0.0
823,823,48,1,75,20260103,24.0,321.66,0.0,7719.84,0.0,0.0
824,824,20,1,71,20260103,25.0,452.45,0.0,11311.25,0.0,0.0
825,825,94,1,12,20260103,14.0,205.87,0.0,2882.18,0.0,0.0
826,826,95,1,20,20260103,27.0,69.88,0.0,1886.76,0.0,0.0
827,827,68,1,52,20260103,27.0,378.45,0.0,10218.15,0.0,0.0
828,828,71,1,64,20260103,21.0,248.86,0.0,5226.06,0.0,0.0
829,829,33,1,17,20260103,34.0,297.07,0.0,10100.38,0.0,0.0
830,830,14,1,11,20260103,27.0,349.92,0.0,9447.84,0.0,0.0
831,831,42,1,75,20260103,2.0,11.97,0.0,23.94,0.0,0.0
832,832,80,1,49,20260103,1.0,200.4,0.0,200.4,0.0,0.0
833,833,65,1,51,20260103,39.0,242.2,0.0,9445.8,0.0,0.0
834,834,10,1,21,20260103,45.0,448.98,0.0,20204.1,0.0,0.0
835,835,22,1,14,20260103,16.0,327.27,0.0,5236.32,0.0,0.0
836,836,50,1,25,20260103,1.0,208.48,0.0,208.48,0.0,0.0
837,837,50,1,74,20260103,10.0,186.8,0.0,1868.0,0.0,0.0
838,838,30,1,12,20260103,9.0,419.02,0.0,3771.18,0.0,0.0
839,839,87,1,71,20260103,8.0,446.09,0.0,3568.72,0.0,0.0
840,840,85,1,32,20260103,28.0,307.84,0.0,8619.52,0.0,0.0
841,841,64,1,14,20260103,34.0,478.01,0.0,16252.34,0.0,0.0
842,842,98,1,7,20260103,28.0,372.68,0.0,10435.04,0.0,0.0
843,843,98,1,65,20260103,26.0,425.88,0.0,11072.88,0.0,0.0
844,844,52,1,1,20260103,13.0,440.68,0.0,5728.84,0.0,0.0
845,845,77,1,67,20260103,12.0,388.34,0.0,4660.08,0.0,0.0
846,846,9,1,35,20260103,43.0,495.81,0.0,21319.83,0.0,0.0
847,847,30,1,40,20260103,34.0,343.53,0.0,11680.02,0.0,0.0
848,848,82,1,73,20260103,34.0,152.89,0.0,5198.26,0.0,0.0
849,849,18,1,37,20260103,13.0,121.98,0.0,1585.74,0.0,0.0
850,850,41,1,56,20260103,38.0,65.68,0.0,2495.84,0.0,0.0
851,851,77,1,20,20260103,24.0,362.32,0.0,8695.68,0.0,0.0
852,852,28,1,69,20260103,22.0,412.68,0.0,9078.96,0.0,0.0
853,853,5,1,33,20260103,20.0,287.33,0.0,5746.6,0.0,0.0
854,854,86,1,4,20260103,14.0,378.73,0.0,5302.22,0.0,0.0
855,855,76,1,25,20260103,36.0,159.49,0.0,5741.64,0.0,0.0
856,856,66,1,53,20260103,4.0,263.53,0.0,1054.12,0.0,0.0
857,857,31,1,74,20260103,45.0,441.88,0.0,19884.6,0.0,0.0
858,858,55,1,53,20260103,9.0,388.04,0.0,3492.36,0.0,0.0
859,859,7,1,35,20260103,5.0,411.98,0.0,2059.9,0.0,0.0
860,860,74,1,63,20260103,17.0,388.44,0.0,6603.48,0.0,0.0
861,861,93,1,10,20260103,32.0,91.23,0.0,2919.36,0.0,0.0
862,862,73,1,57,20260103,41.0,306.43,0.0,12563.63,0.0,0.0
863,863,52,1,43,20260103,5.0,357.72,0.0,1788.6,0.0,0.0
864,864,23,1,55,20260103,32.0,341.6,0.0,10931.2,0.0,0.0
865,865,34,1,45,20260103,39.0,58.26,0.0,2272.14,0.0,0.0
866,866,43,1,62,20260103,22.0,68.48,0.0,1506.56,0.0,0.0
867,867,67,1,31,20260103,25.0,291.78,0.0,7294.5,0.0,0.0
868,868,62,1,19,20260103,37.0,165.34,0.0,6117.58,0.0,0.0
869,869,50,1,2,20260103,20.0,82.91,0.0,1658.2,0.0,0.0
870,870,79,1,37,20260103,9.0,231.15,0.0,2080.35,0.0,0.0
871,871,48,1,74,20260103,49.0,231.6,0.0,11348.4,0.0,0.0
872,872,6,1,60,20260103,16.0,216.64,0.0,3466.24,0.0,0.0
873,873,13,1,49,20260103,38.0,224.19,0.0,8519.22,0.0,0.0
874,874,48,1,24,20260103,3.0,220.02,0.0,660.06,0.0,0.0
875,875,48,1,71,20260103,43.0,165.95,0.0,7135.85,0.0,0.0
876,876,95,1,6,20260103,2.0,403.34,0.0,806.68,0.0,0.0
877,877,65,1,77,20260103,15.0,432.38,0.0,6485.7,0.0,0.0
878,878,82,1,16,20260103,9.0,28.66,0.0,257.94,0.0,0.0
879,879,65,1,15,20260103,18.0,494.46,0.0,8900.28,0.0,0.0
880,880,25,1,6,20260103,15.0,137.57,0.0,2063.55,0.0,0.0
881,881,5,1,30,20260103,31.0,9.14,0.0,283.34,0.0,0.0
882,882,89,1,20,20260103,45.0,212.95,0.0,9582.75,0.0,0.0
883,883,43,1,22,20260103,45.0,126.21,0.0,5679.45,0.0,0.0
884,884,50,1,77,20260103,19.0,259.14,0.0,4923.66,0.0,0.0
885,885,95,1,4,20260103,10.0,319.81,0.0,3198.1,0.0,0.0
886,886,59,1,44,20260103,9.0,231.45,0.0,2083.05,0.0,0.0
887,887,5,1,60,20260103,35.0,433.6,0.0,15176.0,0.0,0.0
888,888,68,1,2,20260103,10.0,102.82,0.0,1028.2,0.0,0.0
889,889,40,1,29,20260103,36.0,133.98,0.0,4823.28,0.0,0.0
890,890,50,1,53,20260103,32.0,473.66,0.0,15157.12,0.0,0.0
891,891,95,1,37,20260103,48.0,136.66,0.0,6559.68,0.0,0.0
892,892,96,1,22,20260103,41.0,309.79,0.0,12701.39,0.0,0.0
893,893,73,1,59,20260103,32.0,135.77,0.0,4344.64,0.0,0.0
894,894,24,1,77,20260103,5.0,282.94,0.0,1414.7,0.0,0.0
895,895,43,1,72,20260103,3.0,5.05,0.0,15.15,0.0,0.0
896,896,70,1,55,20260103,15.0,307.49,0.0,4612.35,0.0,0.0
897,897,54,1,21,20260103,48.0,178.36,0.0,8561.28,0.0,0.0
898,898,65,1,50,20260103,29.0,467.46,0.0,13556.34,0.0,0.0
899,899,9,1,68,20260103,4.0,346.48,0.0,1385.92,0.0,0.0
900,900,77,1,77,20260103,11.0,81.6,0.0,897.6,0.0,0.0
901,901,98,1,41,20260103,9.0,396.29,0.0,3566.61,0.0,0.0
902,902,18,1,54,20260103,23.0,469.05,0.0,10788.15,0.0,0.0
903,903,7,1,8,20260103,34.0,38.49,0.0,1308.66,0.0,0.0
904,904,38,1,77,20260103,6.0,493.55,0.0,2961.3,0.0,0.0
905,905,4,1,11,20260103,3.0,353.39,0.0,1060.17,0.0,0.0
906,906,64,1,48,20260103,26.0,290.33,0.0,7548.58,0.0,0.0
907,907,73,1,33,20260103,45.0,311.27,0.0,14007.15,0.0,0.0
908,908,53,1,39,20260103,7.0,391.42,0.0,2739.94,0.0,0.0
909,909,66,1,16,20260103,25.0,176.08,0.0,4402.0,0.0,0.0
910,910,93,1,42,20260103,40.0,289.62,0.0,11584.8,0.0,0.0
911,911,36,1,63,20260103,43.0,212.08,0.0,9119.44,0.0,0.0
912,912,16,1,25,20260103,42.0,108.21,0.0,4544.82,0.0,0.0
913,913,15,1,46,20260103,48.0,365.37,0.0,17537.76,0.0,0.0
914,914,36,1,47,20260103,21.0,28.14,0.0,590.94,0.0,0.0
915,915,82,1,21,20260103,44.0,133.56,0.0,5876.64,0.0,0.0
916,916,49,1,77,20260103,4.0,278.12,0.0,1112.48,0.0,0.0
917,917,89,1,66,20260103,29.0,84.23,0.0,2442.67,0.0,0.0
918,918,99,1,67,20260103,29.0,126.4,0.0,3665.6,0.0,0.0
919,919,86,1,76,20260103,43.0,96.44,0.0,4146.92,0.0,0.0
920,920,48,1,51,20260103,49.0,29.13,0.0,1427.37,0.0,0.0
921,921,58,1,31,20260103,37.0,412.82,0.0,15274.34,0.0,0.0
922,922,80,1,59,20260103,14.0,117.68,0.0,1647.52,0.0,0.0
923,923,19,1,26,20260103,20.0,228.42,0.0,4568.4,0.0,0.0
924,924,78,1,27,20260103,31.0,233.08,0.0,7225.48,0.0,0.0
925,925,29,1,63,20260103,2.0,432.86,0.0,865.72,0.0,0.0
926,926,78,1,72,20260103,7.0,440.18,0.0,3081.26,0.0,0.0
927,927,28,1,16,20260103,29.0,496.34,0.0,14393.86,0.0,0.0
928,928,78,1,20,20260103,42.0,479.43,0.0,20136.06,0.0,0.0
929,929,95,1,8,20260103,20.0,292.02,0.0,5840.4,0.0,0.0
930,930,21,1,23,20260103,42.0,459.31,0.0,19291.02,0.0,0.0
931,931,8,1,39,20260103,29.0,477.98,0.0,13861.42,0.0,0.0
932,932,3,1,6,20260103,39.0,467.38,0.0,18227.82,0.0,0.0
933,933,28,1,41,20260103,40.0,353.79,0.0,14151.6,0.0,0.0
934,934,79,1,22,20260103,15.0,481.84,0.0,7227.6,0.0,0.0
935,935,58,1,55,20260103,19.0,313.64,0.0,5959.16,0.0,0.0
936,936,93,1,35,20260103,23.0,333.51,0.0,7670.73,0.0,0.0
937,937,58,1,14,20260103,22.0,324.55,0.0,7140.1,0.0,0.0
938,938,33,1,21,20260103,44.0,414.23,0.0,18226.12,0.0,0.0
939,939,36,1,2,20260103,40.0,495.02,0.0,19800.8,0.0,0.0
940,940,4,1,4,20260103,34.0,283.11,0.0,9625.74,0.0,0.0
941,941,85,1,14,20260103,48.0,125.01,0.0,6000.48,0.0,0.0
942,942,30,1,61,20260103,28.0,320.97,0.0,8987.16,0.0,0.0
943,943,59,1,25,20260103,20.0,193.74,0.0,3874.8,0.0,0.0
944,944,88,1,65,20260103,22.0,378.74,0.0,8332.28,0.0,0.0
945,945,66,1,3,20260103,24.0,83.44,0.0,2002.56,0.0,0.0
946,946,28,1,3,20260103,15.0,14.98,0.0,224.7,0.0,0.0
947,947,34,1,44,20260103,36.0,304.29,0.0,10954.44,0.0,0.0
948,948,67,1,24,20260103,46.0,200.45,0.0,9220.7,0.0,0.0
949,949,33,1,4,20260103,39.0,248.29,0.0,9683.31,0.0,0.0
950,950,48,1,60,20260103,47.0,44.34,0.0,2083.98,0.0,0.0
951,951,71,1,42,20260103,25.0,7.21,0.0,180.25,0.0,0.0
952,952,22,1,27,20260103,40.0,105.6,0.0,4224.0,0.0,0.0
953,953,10,1,8,20260103,8.0,457.55,0.0,3660.4,0.0,0.0
954,954,53,1,3,20260103,37.0,386.95,0.0,14317.15,0.0,0.0
955,955,12,1,31,20260103,31.0,199.6,0.0,6187.6,0.0,0.0
956,956,96,1,17,20260103,21.0,66.41,0.0,1394.61,0.0,0.0
957,957,40,1,69,20260103,6.0,72.55,0.0,435.3,0.0,0.0
958,958,100,1,60,20260103,21.0,201.84,0.0,4238.64,0.0,0.0
959,959,87,1,14,20260103,25.0,197.35,0.0,4933.75,0.0,0.0
960,960,27,1,15,20260103,47.0,459.89,0.0,21614.83,0.0,0.0
961,961,90,1,26,20260103,27.0,121.47,0.0,3279.69,0.0,0.0
962,962,94,1,16,20260103,6.0,183.6,0.0,1101.6,0.0,0.0
963,963,80,1,63,20260103,25.0,469.92,0.0,11748.0,0.0,0.0
964,964,51,1,15,20260103,15.0,123.84,0.0,1857.6,0.0,0.0
965,965,75,1,32,20260103,43.0,9.18,0.0,394.74,0.0,0.0
966,966,55,1,46,20260103,42.0,387.78,0.0,16286.76,0.0,0.0
967,967,7,1,47,20260103,37.0,18.76,0.0,694.12,0.0,0.0
968,968,69,1,34,20260103,20.0,277.15,0.0,5543.0,0.0,0.0
969,969,43,1,24,20260103,45.0,30.99,0.0,1394.55,0.0,0.0
970,970,52,1,62,20260103,15.0,277.54,0.0,4163.1,0.0,0.0
971,971,26,1,28,20260103,28.0,157.04,0.0,4397.12,0.0,0.0
972,972,6,1,56,20260103,20.0,374.07,0.0,7481.4,0.0,0.0
973,973,42,1,13,20260103,48.0,245.32,0.0,11775.36,0.0,0.0
974,974,12,1,15,20260103,8.0,309.85,0.0,2478.8,0.0,0.0
975,975,70,1,67,20260103,36.0,382.21,0.0,13759.56,0.0,0.0
976,976,73,1,25,20260103,10.0,423.33,0.0,4233.3,0.0,0.0
977,977,31,1,5,20260103,20.0,254.82,0.0,5096.4,0.0,0.0
978,978,74,1,14,20260103,11.0,298.57,0.0,3284.27,0.0,0.0
979,979,97,1,1,20260103,10.0,38.46,0.0,384.6,0.0,0.0
980,980,3,1,47,20260103,9.0,91.7,0.0,825.3,0.0,0.0
981,981,65,1,12,20260103,10.0,214.74,0.0,2147.4,0.0,0.0
982,982,16,1,52,20260103,41.0,162.79,0.0,6674.39,0.0,0.0
983,983,69,1,70,20260103,37.0,217.2,0.0,8036.4,0.0,0.0
984,984,54,1,7,20260103,15.0,150.36,0.0,2255.4,0.0,0.0
985,985,63,1,52,20260103,33.0,61.83,0.0,2040.39,0.0,0.0
986,986,46,1,36,20260103,10.0,343.16,0.0,3431.6,0.0,0.0
987,987,30,1,13,20260103,22.0,195.26,0.0,4295.72,0.0,0.0
988,988,15,1,21,20260103,2.0,185.82,0.0,371.64,0.0,0.0
989,989,96,1,77,20260103,41.0,225.65,0.0,9251.65,0.0,0.0
990,990,80,1,28,20260103,7.0,458.49,0.0,3209.43,0.0,0.0
991,991,88,1,16,20260103,36.0,37.01,0.0,1332.36,0.0,0.0
992,992,89,1,20,20260103,42.0,116.01,0.0,4872.42,0.0,0.0
993,993,94,1,44,20260103,23.0,218.36,0.0,5022.28,0.0,0.0
994,994,4,1,45,20260103,29.0,289.24,0.0,8387.96,0.0,0.0
995,995,52,1,77,20260103,15.0,13.1,0.0,196.5,0.0,0.0
996,996,81,1,15,20260103,14.0,260.82,0.0,3651.48,0.0,0.0
997,997,25,1,5,20260103,13.0,481.34,0.0,6257.42,0.0,0.0
998,998,10,1,71,20260103,47.0,260.02,0.0,12220.94,0.0,0.0
999,999,86,1,71,20260103,32.0,103.13,0.0,3300.16,0.0,0.0
1000,1000,36,1,30,20260103,9.0,377.11,0.0,3393.99,0.0,0.0
1001,1001,13,1,60,20260103,31.0,55.17,0.0,1710.27,0.0,0.0
1002,1002,69,1,6,20260103,6.0,309.62,0.0,1857.72,0.0,0.0
1003,1003,6,1,75,20260103,17.0,288.72,0.0,4908.24,0.0,0.0
1004,1004,57,1,9,20260103,36.0,284.03,0.0,10225.08,0.0,0.0
1005,1005,7,1,2,20260103,47.0,362.07,0.0,17017.29,0.0,0.0
1006,1006,89,1,71,20260103,44.0,286.04,0.0,12585.76,0.0,0.0
1007,1007,72,1,40,20260103,21.0,316.16,0.0,6639.36,0.0,0.0
1008,1008,70,1,63,20260103,33.0,108.03,0.0,3564.99,0.0,0.0
1009,1009,14,1,3,20260103,14.0,274.8,0.0,3847.2,0.0,0.0
1010,1010,87,1,33,20260103,22.0,74.29,0.0,1634.38,0.0,0.0
1011,1011,92,1,28,20260103,46.0,129.92,0.0,5976.32,0.0,0.0
1012,1012,45,1,20,20260103,38.0,206.92,0.0,7862.96,0.0,0.0
1013,1013,39,1,69,20260103,3.0,152.32,0.0,456.96,0.0,0.0
1014,1014,19,1,19,20260103,49.0,5.02,0.0,245.98,0.0,0.0
1015,1015,44,1,59,20260103,4.0,259.95,0.0,1039.8,0.0,0.0
1016,1016,62,1,64,20260103,41.0,355.96,0.0,14594.36,0.0,0.0
1017,1017,59,1,5,20260103,9.0,380.29,0.0,3422.61,0.0,0.0
1018,1018,75,1,58,20260103,15.0,81.54,0.0,1223.1,0.0,0.0
1019,1019,62,1,35,20260103,40.0,71.13,0.0,2845.2,0.0,0.0
1020,1020,29,1,2,20260103,22.0,251.2,0.0,5526.4,0.0,0.0
1021,1021,43,1,37,20260103,4.0,195.58,0.0,782.32,0.0,0.0
1022,1022,92,1,55,20260103,7.0,281.47,0.0,1970.29,0.0,0.0
1023,1023,51,1,53,20260103,41.0,121.08,0.0,4964.28,0.0,0.0
1024,1024,22,1,17,20260103,40.0,232.34,0.0,9293.6,0.0,0.0
1025,1025,33,1,46,20260103,36.0,371.76,0.0,13383.36,0.0,0.0
1026,1026,9,1,51,20260103,27.0,213.07,0.0,5752.89,0.0,0.0
1027,1027,95,1,71,20260103,27.0,262.51,0.0,7087.77,0.0,0.0
1028,1028,51,1,2,20260103,19.0,196.02,0.0,3724.38,0.0,0.0
1029,1029,32,1,38,20260103,37.0,381.3,0.0,14108.1,0.0,0.0
1030,1030,14,1,10,20260103,18.0,118.33,0.0,2129.94,0.0,0.0
1031,1031,64,1,50,20260103,3.0,107.28,0.0,321.84,0.0,0.0
1032,1032,2,1,21,20260103,43.0,401.31,0.0,17256.33,0.0,0.0
1033,1033,33,1,11,20260103,12.0,173.63,0.0,2083.56,0.0,0.0
1034,1034,62,1,62,20260103,18.0,389.39,0.0,7009.02,0.0,0.0
1035,1035,5,1,13,20260103,12.0,261.79,0.0,3141.48,0.0,0.0
1036,1036,11,1,32,20260103,27.0,464.89,0.0,12552.03,0.0,0.0
1037,1037,65,1,18,20260103,45.0,375.88,0.0,16914.6,0.0,0.0
1038,1038,23,1,69,20260103,8.0,428.99,0.0,3431.92,0.0,0.0
1039,1039,16,1,33,20260103,19.0,40.97,0.0,778.43,0.0,0.0
1040,1040,21,1,46,20260103,11.0,461.79,0.0,5079.69,0.0,0.0
1041,1041,78,1,23,20260103,12.0,130.81,0.0,1569.72,0.0,0.0
1042,1042,28,1,61,20260103,10.0,289.38,0.0,2893.8,0.0,0.0
1043,1043,87,1,72,20260103,46.0,484.52,0.0,22287.92,0.0,0.0
1044,1044,75,1,70,20260103,8.0,369.22,0.0,2953.76,0.0,0.0
1045,1045,64,1,28,20260103,27.0,136.39,0.0,3682.53,0.0,0.0
1046,1046,50,1,56,20260103,38.0,361.68,0.0,13743.84,0.0,0.0
1047,1047,51,1,4,20260103,24.0,76.79,0.0,1842.96,0.0,0.0
1048,1048,69,1,15,20260103,37.0,236.2,0.0,8739.4,0.0,0.0
1049,1049,95,1,18,20260103,48.0,317.74,0.0,15251.52,0.0,0.0
1050,1050,90,1,50,20260103,27.0,108.03,0.0,2916.81,0.0,0.0
1051,1051,80,1,14,20260103,47.0,199.36,0.0,9369.92,0.0,0.0
1052,1052,1,1,56,20260103,17.0,237.82,0.0,4042.94,0.0,0.0
1053,1053,13,1,42,20260103,13.0,242.42,0.0,3151.46,0.0,0.0
1054,1054,100,1,62,20260103,29.0,21.6,0.0,626.4,0.0,0.0
1055,1055,87,1,66,20260103,1.0,255.85,0.0,255.85,0.0,0.0
1056,1056,58,1,10,20260103,1.0,299.58,0.0,299.58,0.0,0.0
1057,1057,34,1,24,20260103,26.0,11.87,0.0,308.62,0.0,0.0
1058,1058,23,1,25,20260103,15.0,286.21,0.0,4293.15,0.0,0.0
1059,1059,66,1,35,20260103,34.0,170.93,0.0,5811.62,0.0,0.0
1060,1060,66,1,75,20260103,21.0,56.26,0.0,1181.46,0.0,0.0
1061,1061,28,1,54,20260104,47.0,24.43,0.0,1148.21,0.0,0.0
1062,1062,84,1,65,20260104,6.0,67.66,0.0,405.96,0.0,0.0
1063,1063,73,1,60,20260104,22.0,191.12,0.0,4204.64,0.0,0.0
1064,1064,98,1,47,20260104,42.0,193.49,0.0,8126.58,0.0,0.0
1065,1065,20,1,69,20260104,27.0,353.52,0.0,9545.04,0.0,0.0
1066,1066,65,1,70,20260104,28.0,470.2,0.0,13165.6,0.0,0.0
1067,1067,85,1,49,20260104,43.0,296.66,0.0,12756.38,0.0,0.0
1068,1068,80,1,51,20260104,23.0,50.4,0.0,1159.2,0.0,0.0
1069,1069,40,1,73,20260104,39.0,194.93,0.0,7602.27,0.0,0.0
1070,1070,65,1,45,20260104,20.0,338.1,0.0,6762.0,0.0,0.0
1071,1071,58,1,22,20260104,40.0,310.24,0.0,12409.6,0.0,0.0
1072,1072,22,1,6,20260104,27.0,111.98,0.0,3023.46,0.0,0.0
1073,1073,90,1,23,20260104,24.0,199.2,0.0,4780.8,0.0,0.0
1074,1074,71,1,38,20260104,30.0,354.24,0.0,10627.2,0.0,0.0
1075,1075,86,1,50,20260104,22.0,462.99,0.0,10185.78,0.0,0.0
1076,1076,53,1,70,20260104,9.0,294.65,0.0,2651.85,0.0,0.0
1077,1077,86,1,53,20260104,38.0,422.86,0.0,16068.68,0.0,0.0
1078,1078,35,1,54,20260104,13.0,152.78,0.0,1986.14,0.0,0.0
1079,1079,43,1,7,20260104,39.0,392.03,0.0,15289.17,0.0,0.0
1080,1080,18,1,31,20260104,44.0,128.88,0.0,5670.72,0.0,0.0
1081,1081,47,1,55,20260104,16.0,441.75,0.0,7068.0,0.0,0.0
1082,1082,15,1,48,20260104,11.0,324.75,0.0,3572.25,0.0,0.0
1083,1083,24,1,57,20260104,9.0,181.9,0.0,1637.1,0.0,0.0
1084,1084,58,1,23,20260104,19.0,470.53,0.0,8940.07,0.0,0.0
1085,1085,89,1,38,20260104,43.0,259.96,0.0,11178.28,0.0,0.0
1086,1086,25,1,27,20260104,11.0,137.62,0.0,1513.82,0.0,0.0
1087,1087,53,1,30,20260104,3.0,311.8,0.0,935.4,0.0,0.0
1088,1088,43,1,34,20260104,14.0,297.03,0.0,4158.42,0.0,0.0
1089,1089,67,1,66,20260104,38.0,182.6,0.0,6938.8,0.0,0.0
1090,1090,38,1,1,20260104,44.0,229.71,0.0,10107.24,0.0,0.0
1091,1091,13,1,27,20260104,47.0,496.02,0.0,23312.94,0.0,0.0
1092,1092,53,1,36,20260104,34.0,455.93,0.0,15501.62,0.0,0.0
1093,1093,53,1,74,20260104,44.0,498.99,0.0,21955.56,0.0,0.0
1094,1094,6,1,42,20260104,38.0,56.49,0.0,2146.62,0.0,0.0
1095,1095,95,1,40,20260104,9.0,382.96,0.0,3446.64,0.0,0.0
1096,1096,49,1,52,20260104,21.0,121.2,0.0,2545.2,0.0,0.0
1097,1097,74,1,70,20260104,45.0,176.41,0.0,7938.45,0.0,0.0
1098,1098,76,1,46,20260104,20.0,83.43,0.0,1668.6,0.0,0.0
1099,1099,87,1,51,20260104,23.0,464.0,0.0,10672.0,0.0,0.0
1100,1100,44,1,75,20260104,29.0,245.98,0.0,7133.42,0.0,0.0
1101,1101,45,1,50,20260104,43.0,82.83,0.0,3561.69,0.0,0.0
1102,1102,65,1,45,20260104,38.0,198.38,0.0,7538.44,0.0,0.0
1103,1103,12,1,21,20260104,24.0,334.21,0.0,8021.04,0.0,0.0
1104,1104,4,1,57,20260104,28.0,84.58,0.0,2368.24,0.0,0.0
1105,1105,87,1,13,20260104,6.0,399.83,0.0,2398.98,0.0,0.0
1106,1106,69,1,13,20260104,47.0,106.09,0.0,4986.23,0.0,0.0
1107,1107,22,1,20,20260104,44.0,367.72,0.0,16179.68,0.0,0.0
1108,1108,43,1,15,20260104,37.0,368.63,0.0,13639.31,0.0,0.0
1109,1109,12,1,70,20260104,16.0,428.75,0.0,6860.0,0.0,0.0
1110,1110,81,1,69,20260104,35.0,244.45,0.0,8555.75,0.0,0.0
1111,1111,56,1,77,20260104,23.0,227.44,0.0,5231.12,0.0,0.0
1112,1112,54,1,9,20260104,39.0,23.48,0.0,915.72,0.0,0.0
1113,1113,36,1,70,20260104,43.0,299.62,0.0,12883.66,0.0,0.0
1114,1114,75,1,73,20260104,28.0,468.59,0.0,13120.52,0.0,0.0
1115,1115,88,1,38,20260104,10.0,282.35,0.0,2823.5,0.0,0.0
1116,1116,44,1,40,20260104,5.0,78.5,0.0,392.5,0.0,0.0
1117,1117,22,1,42,20260104,24.0,258.4,0.0,6201.6,0.0,0.0
1152,1152,13,1,60,20260104,2.0,292.38,0.0,584.76,0.0,0.0
1118,1118,18,1,7,20260104,8.0,21.04,0.0,168.32,0.0,0.0
1136,1136,30,1,13,20260104,8.0,138.76,0.0,1110.08,0.0,0.0
1153,1153,24,1,2,20260104,45.0,176.0,0.0,7920.0,0.0,0.0
1119,1119,95,1,27,20260104,23.0,120.06,0.0,2761.38,0.0,0.0
1137,1137,19,1,45,20260104,20.0,34.8,0.0,696.0,0.0,0.0
1120,1120,76,1,16,20260104,10.0,307.64,0.0,3076.4,0.0,0.0
1154,1154,22,1,40,20260104,49.0,164.18,0.0,8044.82,0.0,0.0
1121,1121,10,1,77,20260104,43.0,182.39,0.0,7842.77,0.0,0.0
1138,1138,17,1,69,20260104,13.0,210.95,0.0,2742.35,0.0,0.0
1122,1122,33,1,36,20260104,14.0,272.67,0.0,3817.38,0.0,0.0
1155,1155,64,1,48,20260104,24.0,128.09,0.0,3074.16,0.0,0.0
1123,1123,80,1,70,20260104,20.0,347.34,0.0,6946.8,0.0,0.0
1124,1124,30,1,59,20260104,12.0,480.43,0.0,5765.16,0.0,0.0
1139,1139,95,1,22,20260104,7.0,220.34,0.0,1542.38,0.0,0.0
1156,1156,100,1,14,20260104,25.0,125.53,0.0,3138.25,0.0,0.0
1125,1125,42,1,2,20260104,33.0,275.93,0.0,9105.69,0.0,0.0
1140,1140,89,1,59,20260104,8.0,216.97,0.0,1735.76,0.0,0.0
1126,1126,52,1,77,20260104,47.0,339.67,0.0,15964.49,0.0,0.0
1157,1157,50,1,67,20260104,35.0,147.67,0.0,5168.45,0.0,0.0
1127,1127,46,1,15,20260104,21.0,479.81,0.0,10076.01,0.0,0.0
1141,1141,31,1,11,20260104,34.0,20.9,0.0,710.6,0.0,0.0
1128,1128,24,1,65,20260104,4.0,274.29,0.0,1097.16,0.0,0.0
1129,1129,45,1,50,20260104,4.0,230.73,0.0,922.92,0.0,0.0
1158,1158,83,1,27,20260104,50.0,102.23,0.0,5111.5,0.0,0.0
1130,1130,49,1,6,20260104,7.0,32.79,0.0,229.53,0.0,0.0
1131,1131,10,1,32,20260104,28.0,444.29,0.0,12440.12,0.0,0.0
1132,1132,100,1,53,20260104,28.0,6.79,0.0,190.12,0.0,0.0
1133,1133,20,1,35,20260104,47.0,236.37,0.0,11109.39,0.0,0.0
1134,1134,41,1,51,20260104,11.0,204.45,0.0,2248.95,0.0,0.0
1142,1142,43,1,16,20260104,1.0,16.65,0.0,16.65,0.0,0.0
1135,1135,87,1,69,20260104,21.0,203.69,0.0,4277.49,0.0,0.0
1159,1159,46,1,7,20260104,29.0,257.64,0.0,7471.56,0.0,0.0
1143,1143,10,1,9,20260104,41.0,407.2,0.0,16695.2,0.0,0.0
1160,1160,71,1,9,20260104,44.0,467.56,0.0,20572.64,0.0,0.0
1144,1144,6,1,23,20260104,42.0,147.66,0.0,6201.72,0.0,0.0
1161,1161,67,1,35,20260104,9.0,27.0,0.0,243.0,0.0,0.0
1146,1146,12,1,59,20260104,45.0,289.58,0.0,13031.1,0.0,0.0
1162,1162,96,1,31,20260104,23.0,27.34,0.0,628.82,0.0,0.0
1145,1145,79,1,40,20260104,24.0,46.77,0.0,1122.48,0.0,0.0
1163,1163,25,1,4,20260104,44.0,308.46,0.0,13572.24,0.0,0.0
1147,1147,43,1,23,20260104,34.0,439.67,0.0,14948.78,0.0,0.0
1164,1164,100,1,54,20260104,19.0,130.76,0.0,2484.44,0.0,0.0
1148,1148,47,1,5,20260104,15.0,183.8,0.0,2757.0,0.0,0.0
1165,1165,64,1,15,20260104,18.0,25.41,0.0,457.38,0.0,0.0
1149,1149,19,1,23,20260104,5.0,321.35,0.0,1606.75,0.0,0.0
1166,1166,14,1,23,20260104,38.0,320.2,0.0,12167.6,0.0,0.0
1150,1150,13,1,8,20260104,9.0,322.47,0.0,2902.23,0.0,0.0
1151,1151,94,1,29,20260104,24.0,59.17,0.0,1420.08,0.0,0.0
1167,1167,80,1,56,20260104,4.0,221.04,0.0,884.16,0.0,0.0
1168,1168,75,1,50,20260104,19.0,450.73,0.0,8563.87,0.0,0.0
1169,1169,40,1,17,20260104,20.0,285.61,0.0,5712.2,0.0,0.0
1170,1170,66,1,34,20260104,2.0,147.69,0.0,295.38,0.0,0.0
1171,1171,92,1,67,20260104,34.0,236.47,0.0,8039.98,0.0,0.0
1172,1172,17,1,75,20260104,4.0,390.38,0.0,1561.52,0.0,0.0
1173,1173,95,1,24,20260104,47.0,429.63,0.0,20192.61,0.0,0.0
1174,1174,75,1,33,20260104,40.0,196.69,0.0,7867.6,0.0,0.0
1175,1175,65,1,76,20260104,37.0,460.72,0.0,17046.64,0.0,0.0
1176,1176,53,1,24,20260104,39.0,126.64,0.0,4938.96,0.0,0.0
1177,1177,36,1,24,20260104,16.0,14.9,0.0,238.4,0.0,0.0
1178,1178,54,1,33,20260104,4.0,131.47,0.0,525.88,0.0,0.0
1179,1179,46,1,26,20260104,30.0,396.69,0.0,11900.7,0.0,0.0
1180,1180,64,1,34,20260104,35.0,375.37,0.0,13137.95,0.0,0.0
1181,1181,66,1,48,20260104,44.0,5.24,0.0,230.56,0.0,0.0
1182,1182,8,1,48,20260104,38.0,45.21,0.0,1717.98,0.0,0.0
1183,1183,50,1,17,20260104,6.0,172.73,0.0,1036.38,0.0,0.0
1184,1184,74,1,75,20260104,32.0,442.99,0.0,14175.68,0.0,0.0
1185,1185,94,1,59,20260104,49.0,64.2,0.0,3145.8,0.0,0.0
1186,1186,97,1,2,20260104,23.0,469.52,0.0,10798.96,0.0,0.0
1187,1187,76,1,24,20260104,43.0,425.1,0.0,18279.3,0.0,0.0
1188,1188,37,1,56,20260104,45.0,308.06,0.0,13862.7,0.0,0.0
1190,1190,80,1,71,20260104,47.0,284.05,0.0,13350.35,0.0,0.0
1189,1189,82,1,65,20260104,35.0,356.94,0.0,12492.9,0.0,0.0
1191,1191,90,1,68,20260104,18.0,404.59,0.0,7282.62,0.0,0.0
1192,1192,16,1,7,20260104,38.0,448.98,0.0,17061.24,0.0,0.0
1193,1193,72,1,10,20260104,16.0,5.22,0.0,83.52,0.0,0.0
1194,1194,60,1,38,20260104,41.0,153.86,0.0,6308.26,0.0,0.0
1195,1195,44,1,21,20260104,19.0,194.07,0.0,3687.33,0.0,0.0
1196,1196,12,1,54,20260104,36.0,248.86,0.0,8958.96,0.0,0.0
1197,1197,31,1,2,20260104,22.0,349.36,0.0,7685.92,0.0,0.0
1198,1198,24,1,57,20260104,2.0,55.16,0.0,110.32,0.0,0.0
1200,1200,47,1,6,20260104,5.0,193.3,0.0,966.5,0.0,0.0
1199,1199,21,1,62,20260104,48.0,172.92,0.0,8300.16,0.0,0.0
2821,2821,56,1,74,20260104,17.0,237.92,0.0,4044.64,0.0,0.0
1202,1202,80,1,35,20260104,41.0,125.51,0.0,5145.91,0.0,0.0
1203,1203,46,1,33,20260104,34.0,123.69,0.0,4205.46,0.0,0.0
1204,1204,60,1,11,20260104,40.0,101.63,0.0,4065.2,0.0,0.0
1208,1208,63,1,14,20260104,14.0,136.81,0.0,1915.34,0.0,0.0
1205,1205,1,1,73,20260104,14.0,420.06,0.0,5880.84,0.0,0.0
1206,1206,91,1,62,20260104,25.0,427.06,0.0,10676.5,0.0,0.0
1207,1207,45,1,74,20260104,4.0,399.35,0.0,1597.4,0.0,0.0
1201,1201,27,1,38,20260104,21.0,338.3,0.0,7104.3,0.0,0.0
1241,1241,67,1,37,20260104,8.0,69.04,0.0,552.32,0.0,0.0
1242,1242,91,1,57,20260104,6.0,186.45,0.0,1118.7,0.0,0.0
1209,1209,97,1,40,20260104,1.0,19.74,0.0,19.74,0.0,0.0
1210,1210,25,1,27,20260104,1.0,263.89,0.0,263.89,0.0,0.0
1211,1211,47,1,30,20260104,47.0,450.16,0.0,21157.52,0.0,0.0
1212,1212,70,1,7,20260104,43.0,363.8,0.0,15643.4,0.0,0.0
1213,1213,9,1,38,20260104,1.0,461.9,0.0,461.9,0.0,0.0
1214,1214,63,1,67,20260104,8.0,14.99,0.0,119.92,0.0,0.0
1215,1215,3,1,72,20260104,20.0,241.77,0.0,4835.4,0.0,0.0
1216,1216,2,1,24,20260104,13.0,293.33,0.0,3813.29,0.0,0.0
1217,1217,10,1,31,20260104,3.0,314.56,0.0,943.68,0.0,0.0
1218,1218,58,1,30,20260104,21.0,15.96,0.0,335.16,0.0,0.0
1219,1219,74,1,35,20260104,44.0,265.66,0.0,11689.04,0.0,0.0
1220,1220,63,1,77,20260104,37.0,88.75,0.0,3283.75,0.0,0.0
1221,1221,100,1,20,20260104,18.0,205.45,0.0,3698.1,0.0,0.0
1222,1222,21,1,75,20260104,8.0,421.81,0.0,3374.48,0.0,0.0
1223,1223,35,1,4,20260104,30.0,210.37,0.0,6311.1,0.0,0.0
1224,1224,91,1,21,20260104,29.0,392.48,0.0,11381.92,0.0,0.0
1225,1225,66,1,7,20260104,37.0,445.83,0.0,16495.71,0.0,0.0
1226,1226,26,1,74,20260104,32.0,184.48,0.0,5903.36,0.0,0.0
1227,1227,65,1,33,20260104,46.0,415.47,0.0,19111.62,0.0,0.0
1228,1228,1,1,6,20260104,31.0,428.56,0.0,13285.36,0.0,0.0
1229,1229,14,1,57,20260104,7.0,179.45,0.0,1256.15,0.0,0.0
1230,1230,86,1,3,20260104,26.0,330.35,0.0,8589.1,0.0,0.0
1231,1231,81,1,59,20260104,6.0,260.14,0.0,1560.84,0.0,0.0
1232,1232,52,1,65,20260104,39.0,35.25,0.0,1374.75,0.0,0.0
1233,1233,54,1,65,20260104,37.0,10.43,0.0,385.91,0.0,0.0
1243,1243,73,1,27,20260104,11.0,383.07,0.0,4213.77,0.0,0.0
1234,1234,56,1,48,20260104,45.0,358.51,0.0,16132.95,0.0,0.0
1244,1244,94,1,18,20260104,7.0,139.66,0.0,977.62,0.0,0.0
1235,1235,7,1,17,20260104,38.0,122.24,0.0,4645.12,0.0,0.0
1245,1245,22,1,55,20260104,14.0,284.42,0.0,3981.88,0.0,0.0
1236,1236,77,1,21,20260104,5.0,390.38,0.0,1951.9,0.0,0.0
1246,1246,27,1,70,20260104,8.0,435.37,0.0,3482.96,0.0,0.0
1237,1237,53,1,23,20260104,7.0,93.87,0.0,657.09,0.0,0.0
1247,1247,80,1,4,20260104,17.0,369.09,0.0,6274.53,0.0,0.0
1238,1238,46,1,50,20260104,42.0,380.67,0.0,15988.14,0.0,0.0
1248,1248,98,1,58,20260104,45.0,13.3,0.0,598.5,0.0,0.0
1239,1239,5,1,8,20260104,40.0,29.39,0.0,1175.6,0.0,0.0
1249,1249,43,1,74,20260104,11.0,490.54,0.0,5395.94,0.0,0.0
1240,1240,94,1,7,20260104,9.0,271.13,0.0,2440.17,0.0,0.0
1297,1297,32,1,28,20260104,27.0,375.58,0.0,10140.66,0.0,0.0
1298,1298,37,1,16,20260104,17.0,369.59,0.0,6283.03,0.0,0.0
1250,1250,99,1,14,20260104,7.0,239.08,0.0,1673.56,0.0,0.0
1251,1251,4,1,7,20260104,45.0,465.31,0.0,20938.95,0.0,0.0
1299,1299,76,1,15,20260104,7.0,10.49,0.0,73.43,0.0,0.0
1300,1300,4,1,16,20260104,21.0,277.23,0.0,5821.83,0.0,0.0
1252,1252,79,1,62,20260104,5.0,324.19,0.0,1620.95,0.0,0.0
1253,1253,100,1,22,20260104,42.0,479.74,0.0,20149.08,0.0,0.0
1254,1254,46,1,21,20260104,50.0,497.16,0.0,24858.0,0.0,0.0
1255,1255,80,1,52,20260104,32.0,119.86,0.0,3835.52,0.0,0.0
1256,1256,11,1,73,20260104,47.0,358.55,0.0,16851.85,0.0,0.0
1257,1257,16,1,5,20260104,19.0,347.86,0.0,6609.34,0.0,0.0
1258,1258,71,1,16,20260104,15.0,196.1,0.0,2941.5,0.0,0.0
1259,1259,40,1,67,20260104,46.0,364.63,0.0,16772.98,0.0,0.0
1260,1260,60,1,11,20260104,23.0,167.26,0.0,3846.98,0.0,0.0
1264,1264,80,1,67,20260104,37.0,336.93,0.0,12466.41,0.0,0.0
1269,1269,66,1,26,20260104,12.0,22.25,0.0,267.0,0.0,0.0
1271,1271,100,1,39,20260104,5.0,443.02,0.0,2215.1,0.0,0.0
1272,1272,85,1,2,20260104,50.0,482.07,0.0,24103.5,0.0,0.0
1276,1276,73,1,29,20260104,43.0,89.92,0.0,3866.56,0.0,0.0
1280,1280,10,1,36,20260104,45.0,352.99,0.0,15884.55,0.0,0.0
1284,1284,73,1,51,20260104,46.0,464.41,0.0,21362.86,0.0,0.0
1288,1288,23,1,7,20260104,5.0,247.25,0.0,1236.25,0.0,0.0
1292,1292,75,1,69,20260104,31.0,23.59,0.0,731.29,0.0,0.0
1294,1294,55,1,42,20260104,40.0,343.34,0.0,13733.6,0.0,0.0
1296,1296,91,1,71,20260104,26.0,466.89,0.0,12139.14,0.0,0.0
1301,1301,70,1,56,20260104,1.0,368.08,0.0,368.08,0.0,0.0
1302,1302,83,1,67,20260104,45.0,79.99,0.0,3599.55,0.0,0.0
1303,1303,27,1,6,20260104,36.0,98.55,0.0,3547.8,0.0,0.0
1304,1304,74,1,16,20260104,43.0,17.52,0.0,753.36,0.0,0.0
1305,1305,92,1,40,20260104,48.0,153.27,0.0,7356.96,0.0,0.0
1306,1306,92,1,25,20260104,13.0,305.84,0.0,3975.92,0.0,0.0
1307,1307,55,1,20,20260104,17.0,230.32,0.0,3915.44,0.0,0.0
1308,1308,28,1,45,20260104,23.0,362.33,0.0,8333.59,0.0,0.0
1309,1309,45,1,5,20260104,4.0,398.69,0.0,1594.76,0.0,0.0
1310,1310,28,1,2,20260104,39.0,238.96,0.0,9319.44,0.0,0.0
1311,1311,68,1,40,20260104,14.0,441.75,0.0,6184.5,0.0,0.0
1312,1312,56,1,24,20260104,42.0,121.63,0.0,5108.46,0.0,0.0
1313,1313,33,1,73,20260104,4.0,51.66,0.0,206.64,0.0,0.0
1314,1314,28,1,51,20260104,15.0,163.66,0.0,2454.9,0.0,0.0
1315,1315,66,1,34,20260104,12.0,326.24,0.0,3914.88,0.0,0.0
1316,1316,43,1,29,20260104,46.0,147.94,0.0,6805.24,0.0,0.0
1317,1317,77,1,71,20260104,28.0,316.93,0.0,8874.04,0.0,0.0
1318,1318,86,1,71,20260104,46.0,265.81,0.0,12227.26,0.0,0.0
1319,1319,91,1,19,20260104,33.0,353.61,0.0,11669.13,0.0,0.0
1320,1320,81,1,74,20260104,29.0,325.48,0.0,9438.92,0.0,0.0
1321,1321,14,1,30,20260104,41.0,348.99,0.0,14308.59,0.0,0.0
1322,1322,74,1,63,20260104,21.0,331.1,0.0,6953.1,0.0,0.0
1323,1323,11,1,76,20260104,41.0,407.33,0.0,16700.53,0.0,0.0
1324,1324,85,1,38,20260104,28.0,264.39,0.0,7402.92,0.0,0.0
1325,1325,88,1,40,20260104,9.0,330.1,0.0,2970.9,0.0,0.0
1326,1326,12,1,50,20260104,47.0,219.97,0.0,10338.59,0.0,0.0
1327,1327,6,1,25,20260104,5.0,249.43,0.0,1247.15,0.0,0.0
1328,1328,71,1,10,20260104,32.0,474.47,0.0,15183.04,0.0,0.0
1329,1329,81,1,30,20260104,31.0,298.45,0.0,9251.95,0.0,0.0
1330,1330,77,1,57,20260104,47.0,65.82,0.0,3093.54,0.0,0.0
1331,1331,30,1,45,20260104,27.0,281.11,0.0,7589.97,0.0,0.0
1332,1332,80,1,77,20260104,34.0,483.46,0.0,16437.64,0.0,0.0
1333,1333,63,1,18,20260104,45.0,464.63,0.0,20908.35,0.0,0.0
1334,1334,86,1,57,20260104,1.0,89.46,0.0,89.46,0.0,0.0
1335,1335,28,1,56,20260104,24.0,27.28,0.0,654.72,0.0,0.0
1336,1336,16,1,1,20260104,3.0,412.87,0.0,1238.61,0.0,0.0
1337,1337,87,1,30,20260104,39.0,460.54,0.0,17961.06,0.0,0.0
1338,1338,8,1,56,20260104,12.0,466.41,0.0,5596.92,0.0,0.0
1339,1339,19,1,30,20260104,39.0,202.69,0.0,7904.91,0.0,0.0
1340,1340,91,1,2,20260104,37.0,187.81,0.0,6948.97,0.0,0.0
1341,1341,32,1,69,20260104,45.0,468.24,0.0,21070.8,0.0,0.0
1342,1342,17,1,6,20260104,40.0,62.15,0.0,2486.0,0.0,0.0
2822,2822,97,1,22,20260104,37.0,294.21,0.0,10885.77,0.0,0.0
2837,2837,84,1,28,20260104,48.0,440.51,0.0,21144.48,0.0,0.0
1343,1343,78,1,48,20260104,2.0,272.4,0.0,544.8,0.0,0.0
1344,1344,87,1,18,20260104,19.0,17.6,0.0,334.4,0.0,0.0
1345,1345,73,1,16,20260104,26.0,297.13,0.0,7725.38,0.0,0.0
1346,1346,66,1,10,20260104,21.0,8.59,0.0,180.39,0.0,0.0
1347,1347,83,1,38,20260104,49.0,482.73,0.0,23653.77,0.0,0.0
1348,1348,61,1,43,20260104,23.0,215.23,0.0,4950.29,0.0,0.0
1349,1349,77,1,14,20260104,36.0,297.76,0.0,10719.36,0.0,0.0
1350,1350,38,1,34,20260104,25.0,344.55,0.0,8613.75,0.0,0.0
1351,1351,90,1,60,20260104,40.0,55.89,0.0,2235.6,0.0,0.0
1352,1352,87,1,2,20260104,31.0,33.66,0.0,1043.46,0.0,0.0
1353,1353,57,1,58,20260104,30.0,357.88,0.0,10736.4,0.0,0.0
1354,1354,48,1,24,20260104,29.0,297.99,0.0,8641.71,0.0,0.0
1355,1355,65,1,61,20260104,9.0,298.83,0.0,2689.47,0.0,0.0
1356,1356,26,1,6,20260104,27.0,106.73,0.0,2881.71,0.0,0.0
1357,1357,83,1,25,20260104,45.0,175.68,0.0,7905.6,0.0,0.0
1358,1358,46,1,71,20260104,22.0,273.8,0.0,6023.6,0.0,0.0
1359,1359,13,1,70,20260104,37.0,71.97,0.0,2662.89,0.0,0.0
1360,1360,32,1,8,20260104,28.0,156.98,0.0,4395.44,0.0,0.0
1361,1361,2,1,32,20260104,49.0,211.67,0.0,10371.83,0.0,0.0
1362,1362,79,1,51,20260104,50.0,93.61,0.0,4680.5,0.0,0.0
1363,1363,6,1,2,20260104,13.0,9.82,0.0,127.66,0.0,0.0
1364,1364,29,1,55,20260104,44.0,448.7,0.0,19742.8,0.0,0.0
1365,1365,18,1,51,20260104,47.0,336.43,0.0,15812.21,0.0,0.0
1366,1366,13,1,75,20260104,9.0,308.0,0.0,2772.0,0.0,0.0
1367,1367,93,1,63,20260104,1.0,317.5,0.0,317.5,0.0,0.0
1368,1368,71,1,25,20260104,35.0,37.94,0.0,1327.9,0.0,0.0
1369,1369,81,1,10,20260104,40.0,63.97,0.0,2558.8,0.0,0.0
1370,1370,77,1,34,20260104,6.0,362.87,0.0,2177.22,0.0,0.0
1371,1371,32,1,19,20260104,36.0,402.13,0.0,14476.68,0.0,0.0
1372,1372,48,1,18,20260104,30.0,104.51,0.0,3135.3,0.0,0.0
1373,1373,14,1,74,20260104,48.0,79.28,0.0,3805.44,0.0,0.0
1374,1374,91,1,11,20260104,5.0,97.63,0.0,488.15,0.0,0.0
1375,1375,69,1,47,20260104,2.0,28.94,0.0,57.88,0.0,0.0
1376,1376,42,1,17,20260104,38.0,378.29,0.0,14375.02,0.0,0.0
1377,1377,38,1,33,20260104,37.0,179.75,0.0,6650.75,0.0,0.0
1378,1378,47,1,59,20260104,39.0,122.51,0.0,4777.89,0.0,0.0
1379,1379,48,1,3,20260104,49.0,208.08,0.0,10195.92,0.0,0.0
1380,1380,11,1,67,20260104,10.0,231.07,0.0,2310.7,0.0,0.0
1381,1381,88,1,62,20260104,19.0,440.14,0.0,8362.66,0.0,0.0
1382,1382,6,1,26,20260104,34.0,205.2,0.0,6976.8,0.0,0.0
1383,1383,18,1,35,20260104,47.0,405.59,0.0,19062.73,0.0,0.0
1384,1384,76,1,46,20260104,7.0,213.64,0.0,1495.48,0.0,0.0
1385,1385,45,1,56,20260104,7.0,471.56,0.0,3300.92,0.0,0.0
1386,1386,20,1,44,20260104,1.0,293.1,0.0,293.1,0.0,0.0
1387,1387,23,1,6,20260104,45.0,140.54,0.0,6324.3,0.0,0.0
1388,1388,2,1,41,20260104,29.0,50.26,0.0,1457.54,0.0,0.0
1389,1389,49,1,64,20260104,1.0,30.32,0.0,30.32,0.0,0.0
1390,1390,82,1,37,20260104,3.0,464.41,0.0,1393.23,0.0,0.0
1391,1391,72,1,28,20260104,50.0,486.99,0.0,24349.5,0.0,0.0
1392,1392,86,1,24,20260104,45.0,320.13,0.0,14405.85,0.0,0.0
1393,1393,90,1,72,20260104,5.0,114.03,0.0,570.15,0.0,0.0
1394,1394,67,1,60,20260104,29.0,291.2,0.0,8444.8,0.0,0.0
1395,1395,61,1,63,20260104,5.0,127.79,0.0,638.95,0.0,0.0
1396,1396,83,1,13,20260104,36.0,360.82,0.0,12989.52,0.0,0.0
1397,1397,65,1,62,20260104,47.0,220.38,0.0,10357.86,0.0,0.0
1398,1398,75,1,10,20260104,50.0,47.72,0.0,2386.0,0.0,0.0
1399,1399,11,1,19,20260104,11.0,330.47,0.0,3635.17,0.0,0.0
1400,1400,1,1,52,20260104,12.0,197.38,0.0,2368.56,0.0,0.0
1401,1401,25,1,65,20260104,23.0,237.46,0.0,5461.58,0.0,0.0
1402,1402,51,1,65,20260104,48.0,24.12,0.0,1157.76,0.0,0.0
1403,1403,39,1,2,20260104,15.0,396.79,0.0,5951.85,0.0,0.0
1404,1404,46,1,20,20260104,12.0,321.59,0.0,3859.08,0.0,0.0
1405,1405,79,1,20,20260104,2.0,186.37,0.0,372.74,0.0,0.0
1406,1406,60,1,51,20260104,2.0,113.59,0.0,227.18,0.0,0.0
1407,1407,96,1,21,20260104,29.0,138.63,0.0,4020.27,0.0,0.0
1408,1408,22,1,65,20260104,39.0,203.15,0.0,7922.85,0.0,0.0
1409,1409,6,1,19,20260104,46.0,497.11,0.0,22867.06,0.0,0.0
1410,1410,92,1,25,20260104,14.0,140.92,0.0,1972.88,0.0,0.0
1411,1411,17,1,19,20260104,5.0,494.56,0.0,2472.8,0.0,0.0
1412,1412,80,1,48,20260104,38.0,244.74,0.0,9300.12,0.0,0.0
1413,1413,39,1,41,20260104,28.0,158.37,0.0,4434.36,0.0,0.0
1414,1414,49,1,1,20260104,38.0,50.51,0.0,1919.38,0.0,0.0
1415,1415,57,1,52,20260104,5.0,187.07,0.0,935.35,0.0,0.0
1416,1416,15,1,47,20260104,10.0,255.33,0.0,2553.3,0.0,0.0
1417,1417,63,1,39,20260104,3.0,258.32,0.0,774.96,0.0,0.0
1418,1418,36,1,46,20260104,18.0,240.69,0.0,4332.42,0.0,0.0
1419,1419,59,1,49,20260104,30.0,392.45,0.0,11773.5,0.0,0.0
1420,1420,21,1,2,20260104,42.0,86.93,0.0,3651.06,0.0,0.0
1421,1421,47,1,49,20260104,18.0,277.47,0.0,4994.46,0.0,0.0
1422,1422,55,1,26,20260104,31.0,356.06,0.0,11037.86,0.0,0.0
1423,1423,64,1,70,20260104,4.0,266.73,0.0,1066.92,0.0,0.0
1424,1424,34,1,46,20260104,32.0,207.54,0.0,6641.28,0.0,0.0
1425,1425,41,1,10,20260104,5.0,84.76,0.0,423.8,0.0,0.0
1426,1426,31,1,29,20260104,45.0,160.68,0.0,7230.6,0.0,0.0
1427,1427,60,1,31,20260104,3.0,230.47,0.0,691.41,0.0,0.0
1428,1428,6,1,71,20260104,10.0,175.73,0.0,1757.3,0.0,0.0
1429,1429,73,1,5,20260104,33.0,67.07,0.0,2213.31,0.0,0.0
1430,1430,55,1,37,20260104,48.0,301.0,0.0,14448.0,0.0,0.0
1431,1431,19,1,34,20260104,27.0,492.17,0.0,13288.59,0.0,0.0
1432,1432,42,1,52,20260104,6.0,252.24,0.0,1513.44,0.0,0.0
1433,1433,16,1,77,20260104,40.0,480.71,0.0,19228.4,0.0,0.0
1434,1434,34,1,66,20260104,37.0,266.93,0.0,9876.41,0.0,0.0
1435,1435,55,1,59,20260104,21.0,436.15,0.0,9159.15,0.0,0.0
1436,1436,19,1,31,20260104,46.0,393.03,0.0,18079.38,0.0,0.0
1437,1437,100,1,24,20260104,17.0,433.23,0.0,7364.91,0.0,0.0
1438,1438,15,1,25,20260104,49.0,321.42,0.0,15749.58,0.0,0.0
1439,1439,95,1,33,20260104,16.0,406.1,0.0,6497.6,0.0,0.0
1440,1440,97,1,76,20260104,14.0,202.48,0.0,2834.72,0.0,0.0
1441,1441,79,1,53,20260104,13.0,123.16,0.0,1601.08,0.0,0.0
1442,1442,3,1,65,20260104,49.0,166.29,0.0,8148.21,0.0,0.0
1443,1443,64,1,30,20260104,44.0,13.2,0.0,580.8,0.0,0.0
1444,1444,2,1,70,20260104,16.0,332.95,0.0,5327.2,0.0,0.0
1445,1445,68,1,26,20260104,38.0,489.31,0.0,18593.78,0.0,0.0
1446,1446,59,1,55,20260104,49.0,68.2,0.0,3341.8,0.0,0.0
1447,1447,52,1,70,20260104,46.0,225.01,0.0,10350.46,0.0,0.0
1448,1448,26,1,41,20260104,26.0,352.69,0.0,9169.94,0.0,0.0
1449,1449,16,1,20,20260104,49.0,304.58,0.0,14924.42,0.0,0.0
1450,1450,28,1,71,20260104,48.0,186.85,0.0,8968.8,0.0,0.0
1451,1451,68,1,36,20260104,29.0,323.49,0.0,9381.21,0.0,0.0
1452,1452,84,1,50,20260104,33.0,475.57,0.0,15693.81,0.0,0.0
1453,1453,63,1,67,20260104,19.0,216.26,0.0,4108.94,0.0,0.0
1454,1454,1,1,50,20260104,27.0,267.89,0.0,7233.03,0.0,0.0
2823,2823,45,1,69,20260104,5.0,325.41,0.0,1627.05,0.0,0.0
1455,1455,49,1,34,20260104,22.0,13.05,0.0,287.1,0.0,0.0
1456,1456,44,1,26,20260104,21.0,201.65,0.0,4234.65,0.0,0.0
1457,1457,86,1,65,20260104,28.0,134.73,0.0,3772.44,0.0,0.0
1458,1458,30,1,1,20260104,36.0,277.44,0.0,9987.84,0.0,0.0
1459,1459,55,1,20,20260104,17.0,316.43,0.0,5379.31,0.0,0.0
1460,1460,72,1,77,20260104,32.0,457.06,0.0,14625.92,0.0,0.0
1461,1461,63,1,16,20260104,37.0,300.07,0.0,11102.59,0.0,0.0
1462,1462,80,1,69,20260104,4.0,129.65,0.0,518.6,0.0,0.0
1463,1463,82,1,48,20260104,18.0,127.49,0.0,2294.82,0.0,0.0
1464,1464,10,1,4,20260104,42.0,283.13,0.0,11891.46,0.0,0.0
1465,1465,3,1,47,20260104,17.0,257.74,0.0,4381.58,0.0,0.0
1466,1466,90,1,50,20260104,1.0,357.18,0.0,357.18,0.0,0.0
1467,1467,68,1,54,20260104,4.0,194.37,0.0,777.48,0.0,0.0
1468,1468,17,1,10,20260104,41.0,211.1,0.0,8655.1,0.0,0.0
1469,1469,54,1,38,20260104,17.0,64.17,0.0,1090.89,0.0,0.0
1470,1470,2,1,39,20260104,19.0,351.72,0.0,6682.68,0.0,0.0
1471,1471,7,1,71,20260104,47.0,424.08,0.0,19931.76,0.0,0.0
1472,1472,58,1,69,20260104,29.0,72.45,0.0,2101.05,0.0,0.0
1473,1473,11,1,4,20260104,34.0,48.32,0.0,1642.88,0.0,0.0
1474,1474,8,1,17,20260104,24.0,304.47,0.0,7307.28,0.0,0.0
1475,1475,76,1,67,20260104,36.0,459.64,0.0,16547.04,0.0,0.0
1476,1476,68,1,30,20260104,5.0,116.08,0.0,580.4,0.0,0.0
1477,1477,53,1,27,20260104,39.0,248.9,0.0,9707.1,0.0,0.0
1478,1478,80,1,42,20260104,11.0,413.53,0.0,4548.83,0.0,0.0
1479,1479,30,1,23,20260104,5.0,218.01,0.0,1090.05,0.0,0.0
1480,1480,63,1,68,20260104,26.0,400.28,0.0,10407.28,0.0,0.0
1481,1481,10,1,49,20260104,22.0,304.01,0.0,6688.22,0.0,0.0
1482,1482,51,1,56,20260104,17.0,379.88,0.0,6457.96,0.0,0.0
1483,1483,48,1,5,20260104,25.0,90.09,0.0,2252.25,0.0,0.0
1484,1484,3,1,42,20260104,39.0,155.62,0.0,6069.18,0.0,0.0
1485,1485,25,1,3,20260104,18.0,245.08,0.0,4411.44,0.0,0.0
1486,1486,62,1,9,20260104,27.0,409.8,0.0,11064.6,0.0,0.0
1487,1487,46,1,2,20260104,47.0,162.32,0.0,7629.04,0.0,0.0
1488,1488,62,1,70,20260104,27.0,343.57,0.0,9276.39,0.0,0.0
1489,1489,29,1,34,20260104,21.0,188.87,0.0,3966.27,0.0,0.0
1490,1490,91,1,39,20260104,28.0,158.47,0.0,4437.16,0.0,0.0
1491,1491,3,1,59,20260104,19.0,62.52,0.0,1187.88,0.0,0.0
1492,1492,83,1,57,20260104,19.0,67.31,0.0,1278.89,0.0,0.0
1493,1493,66,1,47,20260104,14.0,413.88,0.0,5794.32,0.0,0.0
1494,1494,64,1,23,20260104,7.0,449.3,0.0,3145.1,0.0,0.0
1495,1495,46,1,17,20260104,18.0,435.72,0.0,7842.96,0.0,0.0
1496,1496,45,1,30,20260104,6.0,33.57,0.0,201.42,0.0,0.0
1497,1497,92,1,41,20260104,34.0,474.19,0.0,16122.46,0.0,0.0
1498,1498,72,1,11,20260104,34.0,393.5,0.0,13379.0,0.0,0.0
1499,1499,22,1,36,20260104,42.0,250.78,0.0,10532.76,0.0,0.0
1500,1500,31,1,49,20260104,41.0,126.97,0.0,5205.77,0.0,0.0
1501,1501,67,1,28,20260104,37.0,488.04,0.0,18057.48,0.0,0.0
1502,1502,9,1,74,20260104,33.0,280.89,0.0,9269.37,0.0,0.0
1503,1503,33,1,40,20260104,31.0,26.49,0.0,821.19,0.0,0.0
1504,1504,4,1,64,20260104,37.0,161.21,0.0,5964.77,0.0,0.0
1505,1505,32,1,44,20260104,15.0,262.23,0.0,3933.45,0.0,0.0
1506,1506,31,1,68,20260104,5.0,174.24,0.0,871.2,0.0,0.0
1507,1507,49,1,65,20260104,5.0,374.62,0.0,1873.1,0.0,0.0
1508,1508,95,1,64,20260104,2.0,161.96,0.0,323.92,0.0,0.0
1509,1509,20,1,4,20260104,18.0,345.48,0.0,6218.64,0.0,0.0
1510,1510,1,1,35,20260104,47.0,239.2,0.0,11242.4,0.0,0.0
1511,1511,20,1,36,20260104,24.0,473.5,0.0,11364.0,0.0,0.0
1512,1512,88,1,49,20260104,40.0,389.76,0.0,15590.4,0.0,0.0
1513,1513,99,1,22,20260104,25.0,245.64,0.0,6141.0,0.0,0.0
1514,1514,96,1,59,20260104,36.0,310.37,0.0,11173.32,0.0,0.0
1515,1515,18,1,50,20260104,49.0,30.6,0.0,1499.4,0.0,0.0
1516,1516,100,1,25,20260104,30.0,167.2,0.0,5016.0,0.0,0.0
1517,1517,23,1,13,20260104,17.0,299.1,0.0,5084.7,0.0,0.0
1518,1518,26,1,49,20260104,9.0,133.33,0.0,1199.97,0.0,0.0
1519,1519,84,1,73,20260104,6.0,48.22,0.0,289.32,0.0,0.0
1520,1520,31,1,58,20260104,42.0,126.13,0.0,5297.46,0.0,0.0
1521,1521,20,1,3,20260104,3.0,253.96,0.0,761.88,0.0,0.0
1522,1522,81,1,11,20260104,36.0,49.09,0.0,1767.24,0.0,0.0
1523,1523,74,1,33,20260104,23.0,233.35,0.0,5367.05,0.0,0.0
1524,1524,7,1,52,20260104,24.0,58.05,0.0,1393.2,0.0,0.0
1525,1525,53,1,56,20260104,12.0,454.46,0.0,5453.52,0.0,0.0
1526,1526,7,1,7,20260104,16.0,436.33,0.0,6981.28,0.0,0.0
1527,1527,12,1,27,20260104,34.0,363.08,0.0,12344.72,0.0,0.0
1528,1528,43,1,55,20260104,14.0,472.35,0.0,6612.9,0.0,0.0
1529,1529,41,1,52,20260104,7.0,476.75,0.0,3337.25,0.0,0.0
1530,1530,71,1,13,20260104,1.0,444.73,0.0,444.73,0.0,0.0
1531,1531,18,1,22,20260104,44.0,35.72,0.0,1571.68,0.0,0.0
1532,1532,22,1,72,20260104,44.0,402.17,0.0,17695.48,0.0,0.0
1533,1533,54,1,46,20260104,8.0,134.58,0.0,1076.64,0.0,0.0
1534,1534,54,1,16,20260104,21.0,390.15,0.0,8193.15,0.0,0.0
1535,1535,35,1,73,20260104,8.0,202.26,0.0,1618.08,0.0,0.0
1536,1536,6,1,23,20260104,43.0,79.69,0.0,3426.67,0.0,0.0
1537,1537,89,1,1,20260104,45.0,466.2,0.0,20979.0,0.0,0.0
1538,1538,16,1,64,20260104,12.0,297.08,0.0,3564.96,0.0,0.0
1539,1539,16,1,45,20260104,38.0,193.49,0.0,7352.62,0.0,0.0
1540,1540,40,1,48,20260104,5.0,19.21,0.0,96.05,0.0,0.0
1541,1541,21,1,43,20260104,45.0,484.65,0.0,21809.25,0.0,0.0
1542,1542,52,1,70,20260104,13.0,200.1,0.0,2601.3,0.0,0.0
1543,1543,37,1,77,20260104,49.0,183.59,0.0,8995.91,0.0,0.0
1544,1544,8,1,4,20260104,11.0,321.01,0.0,3531.11,0.0,0.0
1545,1545,25,1,30,20260104,46.0,149.18,0.0,6862.28,0.0,0.0
1546,1546,49,1,30,20260104,8.0,359.27,0.0,2874.16,0.0,0.0
1547,1547,84,1,60,20260104,48.0,285.81,0.0,13718.88,0.0,0.0
1548,1548,41,1,26,20260104,25.0,145.35,0.0,3633.75,0.0,0.0
1549,1549,52,1,1,20260104,15.0,227.27,0.0,3409.05,0.0,0.0
1550,1550,52,1,25,20260104,40.0,19.59,0.0,783.6,0.0,0.0
1551,1551,20,1,76,20260104,44.0,181.68,0.0,7993.92,0.0,0.0
1552,1552,58,1,9,20260104,41.0,344.31,0.0,14116.71,0.0,0.0
1553,1553,33,1,65,20260104,2.0,251.71,0.0,503.42,0.0,0.0
1554,1554,11,1,43,20260104,13.0,447.34,0.0,5815.42,0.0,0.0
1555,1555,56,1,68,20260104,27.0,147.9,0.0,3993.3,0.0,0.0
1556,1556,39,1,55,20260104,12.0,236.26,0.0,2835.12,0.0,0.0
1557,1557,1,1,42,20260104,5.0,308.08,0.0,1540.4,0.0,0.0
1558,1558,33,1,65,20260104,42.0,260.48,0.0,10940.16,0.0,0.0
1559,1559,90,1,30,20260104,34.0,251.36,0.0,8546.24,0.0,0.0
2824,2824,65,1,67,20260104,45.0,173.61,0.0,7812.45,0.0,0.0
2838,2838,80,1,51,20260104,45.0,479.74,0.0,21588.3,0.0,0.0
2835,2835,69,1,3,20260104,21.0,68.43,0.0,1437.03,0.0,0.0
2844,2844,25,1,21,20260104,38.0,372.81,0.0,14166.78,0.0,0.0
2848,2848,19,1,51,20260104,24.0,485.46,0.0,11651.04,0.0,0.0
2852,2852,42,1,3,20260104,9.0,421.63,0.0,3794.67,0.0,0.0
2856,2856,83,1,68,20260104,24.0,407.37,0.0,9776.88,0.0,0.0
1560,1560,52,1,15,20260104,32.0,45.25,0.0,1448.0,0.0,0.0
1561,1561,75,1,41,20260104,19.0,153.71,0.0,2920.49,0.0,0.0
1562,1562,33,1,53,20260104,18.0,93.33,0.0,1679.94,0.0,0.0
1563,1563,100,1,68,20260104,35.0,161.81,0.0,5663.35,0.0,0.0
1564,1564,25,1,46,20260104,3.0,479.14,0.0,1437.42,0.0,0.0
1565,1565,50,1,25,20260104,6.0,405.84,0.0,2435.04,0.0,0.0
1566,1566,62,1,28,20260104,14.0,466.45,0.0,6530.3,0.0,0.0
1567,1567,46,1,2,20260104,30.0,273.15,0.0,8194.5,0.0,0.0
1568,1568,46,1,3,20260104,36.0,162.31,0.0,5843.16,0.0,0.0
1569,1569,58,1,16,20260104,25.0,246.93,0.0,6173.25,0.0,0.0
1570,1570,39,1,50,20260104,44.0,6.64,0.0,292.16,0.0,0.0
1571,1571,59,1,36,20260104,16.0,118.46,0.0,1895.36,0.0,0.0
1572,1572,35,1,41,20260104,26.0,258.25,0.0,6714.5,0.0,0.0
1573,1573,75,1,75,20260104,40.0,165.36,0.0,6614.4,0.0,0.0
1574,1574,8,1,9,20260104,5.0,33.56,0.0,167.8,0.0,0.0
1575,1575,82,1,2,20260104,13.0,109.28,0.0,1420.64,0.0,0.0
1576,1576,43,1,3,20260104,4.0,237.55,0.0,950.2,0.0,0.0
1577,1577,17,1,31,20260104,38.0,448.7,0.0,17050.6,0.0,0.0
1578,1578,64,1,34,20260104,30.0,211.6,0.0,6348.0,0.0,0.0
1579,1579,50,1,71,20260104,23.0,81.4,0.0,1872.2,0.0,0.0
1580,1580,17,1,19,20260104,32.0,462.07,0.0,14786.24,0.0,0.0
1581,1581,8,1,11,20260104,48.0,136.79,0.0,6565.92,0.0,0.0
1582,1582,57,1,68,20260104,6.0,305.73,0.0,1834.38,0.0,0.0
1583,1583,5,1,31,20260104,3.0,40.63,0.0,121.89,0.0,0.0
1584,1584,77,1,16,20260104,24.0,433.48,0.0,10403.52,0.0,0.0
1585,1585,44,1,15,20260104,42.0,291.34,0.0,12236.28,0.0,0.0
1586,1586,58,1,51,20260104,47.0,404.98,0.0,19034.06,0.0,0.0
1587,1587,5,1,27,20260104,35.0,213.1,0.0,7458.5,0.0,0.0
1588,1588,75,1,67,20260104,23.0,142.77,0.0,3283.71,0.0,0.0
1589,1589,60,1,32,20260104,19.0,78.98,0.0,1500.62,0.0,0.0
1590,1590,74,1,3,20260104,38.0,494.68,0.0,18797.84,0.0,0.0
1591,1591,75,1,52,20260104,19.0,335.87,0.0,6381.53,0.0,0.0
1592,1592,93,1,45,20260104,12.0,315.86,0.0,3790.32,0.0,0.0
1593,1593,32,1,43,20260104,29.0,52.7,0.0,1528.3,0.0,0.0
1594,1594,49,1,44,20260104,14.0,149.96,0.0,2099.44,0.0,0.0
1595,1595,70,1,2,20260104,22.0,85.2,0.0,1874.4,0.0,0.0
1596,1596,27,1,68,20260104,43.0,180.14,0.0,7746.02,0.0,0.0
1597,1597,51,1,3,20260104,20.0,292.85,0.0,5857.0,0.0,0.0
1598,1598,78,1,36,20260104,27.0,103.05,0.0,2782.35,0.0,0.0
1599,1599,46,1,62,20260104,32.0,88.78,0.0,2840.96,0.0,0.0
1600,1600,20,1,32,20260104,14.0,293.2,0.0,4104.8,0.0,0.0
1601,1601,79,1,60,20260104,23.0,40.27,0.0,926.21,0.0,0.0
1602,1602,21,1,77,20260104,42.0,472.11,0.0,19828.62,0.0,0.0
1603,1603,84,1,40,20260104,49.0,13.79,0.0,675.71,0.0,0.0
1604,1604,27,1,19,20260104,42.0,136.87,0.0,5748.54,0.0,0.0
1605,1605,34,1,4,20260104,12.0,361.6,0.0,4339.2,0.0,0.0
1606,1606,45,1,74,20260104,46.0,251.68,0.0,11577.28,0.0,0.0
1607,1607,67,1,51,20260104,39.0,488.79,0.0,19062.81,0.0,0.0
1608,1608,23,1,50,20260104,2.0,137.79,0.0,275.58,0.0,0.0
1609,1609,89,1,37,20260104,39.0,264.03,0.0,10297.17,0.0,0.0
1610,1610,52,1,20,20260104,8.0,368.3,0.0,2946.4,0.0,0.0
1611,1611,34,1,46,20260104,9.0,24.52,0.0,220.68,0.0,0.0
1612,1612,96,1,44,20260104,2.0,348.33,0.0,696.66,0.0,0.0
1613,1613,69,1,44,20260104,36.0,271.96,0.0,9790.56,0.0,0.0
1614,1614,4,1,1,20260104,21.0,113.4,0.0,2381.4,0.0,0.0
1615,1615,86,1,14,20260104,6.0,147.13,0.0,882.78,0.0,0.0
1616,1616,2,1,21,20260104,18.0,416.99,0.0,7505.82,0.0,0.0
1617,1617,46,1,6,20260104,49.0,494.69,0.0,24239.81,0.0,0.0
1618,1618,37,1,53,20260104,32.0,494.09,0.0,15810.88,0.0,0.0
1619,1619,60,1,25,20260104,22.0,479.67,0.0,10552.74,0.0,0.0
1620,1620,15,1,77,20260104,37.0,163.51,0.0,6049.87,0.0,0.0
1621,1621,73,1,74,20260104,29.0,348.31,0.0,10100.99,0.0,0.0
1622,1622,12,1,69,20260104,14.0,386.1,0.0,5405.4,0.0,0.0
1623,1623,51,1,1,20260104,36.0,355.33,0.0,12791.88,0.0,0.0
1624,1624,93,1,21,20260104,18.0,415.96,0.0,7487.28,0.0,0.0
1625,1625,41,1,55,20260104,38.0,84.59,0.0,3214.42,0.0,0.0
1626,1626,8,1,28,20260104,50.0,311.86,0.0,15593.0,0.0,0.0
1627,1627,54,1,68,20260104,2.0,66.26,0.0,132.52,0.0,0.0
1628,1628,1,1,50,20260104,31.0,120.87,0.0,3746.97,0.0,0.0
2825,2825,60,1,74,20260104,3.0,197.7,0.0,593.1,0.0,0.0
2839,2839,64,1,4,20260104,6.0,294.51,0.0,1767.06,0.0,0.0
2841,2841,18,1,67,20260104,3.0,299.21,0.0,897.63,0.0,0.0
2845,2845,11,1,2,20260104,49.0,201.59,0.0,9877.91,0.0,0.0
2849,2849,94,1,23,20260104,3.0,165.14,0.0,495.42,0.0,0.0
2853,2853,32,1,59,20260104,8.0,341.62,0.0,2732.96,0.0,0.0
2857,2857,44,1,2,20260104,3.0,20.12,0.0,60.36,0.0,0.0
2860,2860,91,1,62,20260104,21.0,394.17,0.0,8277.57,0.0,0.0
2863,2863,28,1,60,20260104,39.0,384.45,0.0,14993.55,0.0,0.0
2866,2866,41,1,21,20260104,15.0,124.52,0.0,1867.8,0.0,0.0
2868,2868,43,1,17,20260104,33.0,217.89,0.0,7190.37,0.0,0.0
2870,2870,3,1,9,20260104,6.0,132.94,0.0,797.64,0.0,0.0
2872,2872,95,1,37,20260104,3.0,139.81,0.0,419.43,0.0,0.0
2874,2874,74,1,25,20260104,7.0,269.21,0.0,1884.47,0.0,0.0
2876,2876,85,1,62,20260104,37.0,214.2,0.0,7925.4,0.0,0.0
2878,2878,94,1,42,20260104,13.0,357.67,0.0,4649.71,0.0,0.0
2880,2880,4,1,25,20260104,36.0,486.29,0.0,17506.44,0.0,0.0
2882,2882,4,1,54,20260104,5.0,314.24,0.0,1571.2,0.0,0.0
2884,2884,90,1,52,20260104,3.0,185.48,0.0,556.44,0.0,0.0
2886,2886,7,1,7,20260104,45.0,32.28,0.0,1452.6,0.0,0.0
2888,2888,12,1,32,20260104,13.0,406.14,0.0,5279.82,0.0,0.0
2890,2890,7,1,6,20260104,10.0,400.41,0.0,4004.1,0.0,0.0
2892,2892,51,1,28,20260104,16.0,134.86,0.0,2157.76,0.0,0.0
2894,2894,66,1,60,20260104,29.0,96.12,0.0,2787.48,0.0,0.0
2896,2896,2,1,61,20260104,18.0,328.04,0.0,5904.72,0.0,0.0
2898,2898,95,1,34,20260104,32.0,422.23,0.0,13511.36,0.0,0.0
2900,2900,12,1,37,20260104,27.0,238.81,0.0,6447.87,0.0,0.0
2902,2902,33,1,45,20260104,31.0,373.56,0.0,11580.36,0.0,0.0
2904,2904,15,1,32,20260104,5.0,312.58,0.0,1562.9,0.0,0.0
2906,2906,77,1,6,20260104,33.0,497.83,0.0,16428.39,0.0,0.0
2907,2907,100,1,66,20260104,6.0,150.9,0.0,905.4,0.0,0.0
2908,2908,72,1,74,20260104,29.0,281.46,0.0,8162.34,0.0,0.0
2909,2909,15,1,9,20260104,29.0,498.13,0.0,14445.77,0.0,0.0
2910,2910,60,1,20,20260104,47.0,363.57,0.0,17087.79,0.0,0.0
2911,2911,5,1,70,20260104,42.0,202.81,0.0,8518.02,0.0,0.0
2912,2912,3,1,49,20260104,13.0,100.06,0.0,1300.78,0.0,0.0
2913,2913,43,1,17,20260104,20.0,52.22,0.0,1044.4,0.0,0.0
2915,2915,92,1,48,20260104,34.0,184.85,0.0,6284.9,0.0,0.0
2916,2916,86,1,32,20260104,50.0,218.29,0.0,10914.5,0.0,0.0
2917,2917,20,1,65,20260104,22.0,106.18,0.0,2335.96,0.0,0.0
2918,2918,100,1,29,20260104,24.0,64.32,0.0,1543.68,0.0,0.0
2919,2919,32,1,13,20260104,49.0,430.44,0.0,21091.56,0.0,0.0
2920,2920,69,1,47,20260104,6.0,51.83,0.0,310.98,0.0,0.0
1629,1629,68,1,38,20260104,17.0,364.07,0.0,6189.19,0.0,0.0
1630,1630,4,1,18,20260104,29.0,239.8,0.0,6954.2,0.0,0.0
1631,1631,19,1,10,20260104,21.0,472.6,0.0,9924.6,0.0,0.0
1632,1632,100,1,20,20260104,35.0,383.04,0.0,13406.4,0.0,0.0
1633,1633,8,1,4,20260104,31.0,473.0,0.0,14663.0,0.0,0.0
1634,1634,86,1,70,20260104,39.0,72.8,0.0,2839.2,0.0,0.0
1635,1635,96,1,26,20260104,30.0,179.25,0.0,5377.5,0.0,0.0
1636,1636,59,1,4,20260104,38.0,350.72,0.0,13327.36,0.0,0.0
1637,1637,21,1,22,20260104,37.0,495.01,0.0,18315.37,0.0,0.0
1638,1638,61,1,23,20260104,6.0,15.31,0.0,91.86,0.0,0.0
1639,1639,38,1,61,20260104,30.0,484.23,0.0,14526.9,0.0,0.0
1640,1640,73,1,23,20260104,28.0,38.91,0.0,1089.48,0.0,0.0
1641,1641,66,1,2,20260104,21.0,490.02,0.0,10290.42,0.0,0.0
1642,1642,59,1,24,20260104,41.0,173.15,0.0,7099.15,0.0,0.0
1643,1643,15,1,22,20260104,1.0,470.08,0.0,470.08,0.0,0.0
1644,1644,81,1,30,20260104,28.0,432.17,0.0,12100.76,0.0,0.0
1645,1645,58,1,42,20260104,44.0,480.76,0.0,21153.44,0.0,0.0
1646,1646,80,1,39,20260104,18.0,204.08,0.0,3673.44,0.0,0.0
1647,1647,72,1,42,20260104,4.0,243.43,0.0,973.72,0.0,0.0
1648,1648,81,1,55,20260104,39.0,375.18,0.0,14632.02,0.0,0.0
1649,1649,92,1,33,20260104,24.0,112.39,0.0,2697.36,0.0,0.0
1650,1650,79,1,12,20260104,14.0,389.84,0.0,5457.76,0.0,0.0
1651,1651,54,1,24,20260104,18.0,119.21,0.0,2145.78,0.0,0.0
1652,1652,86,1,56,20260104,13.0,343.56,0.0,4466.28,0.0,0.0
1653,1653,69,1,61,20260104,7.0,351.89,0.0,2463.23,0.0,0.0
1654,1654,95,1,30,20260104,41.0,37.09,0.0,1520.69,0.0,0.0
1655,1655,78,1,48,20260104,6.0,365.72,0.0,2194.32,0.0,0.0
1656,1656,14,1,56,20260104,16.0,466.22,0.0,7459.52,0.0,0.0
1657,1657,48,1,34,20260104,2.0,279.2,0.0,558.4,0.0,0.0
1658,1658,92,1,62,20260104,3.0,477.83,0.0,1433.49,0.0,0.0
1659,1659,70,1,64,20260104,22.0,415.45,0.0,9139.9,0.0,0.0
1660,1660,95,1,76,20260104,19.0,108.65,0.0,2064.35,0.0,0.0
1661,1661,8,1,66,20260104,34.0,237.03,0.0,8059.02,0.0,0.0
1662,1662,76,1,8,20260104,6.0,66.66,0.0,399.96,0.0,0.0
1663,1663,72,1,52,20260104,1.0,319.59,0.0,319.59,0.0,0.0
1664,1664,80,1,33,20260104,5.0,372.42,0.0,1862.1,0.0,0.0
1665,1665,91,1,32,20260104,25.0,392.48,0.0,9812.0,0.0,0.0
1666,1666,24,1,15,20260104,46.0,209.88,0.0,9654.48,0.0,0.0
1667,1667,11,1,23,20260104,45.0,329.69,0.0,14836.05,0.0,0.0
1668,1668,67,1,66,20260104,1.0,138.93,0.0,138.93,0.0,0.0
1669,1669,21,1,25,20260104,48.0,228.41,0.0,10963.68,0.0,0.0
1670,1670,20,1,3,20260104,27.0,446.6,0.0,12058.2,0.0,0.0
1671,1671,16,1,13,20260104,25.0,248.94,0.0,6223.5,0.0,0.0
1672,1672,52,1,65,20260104,23.0,475.45,0.0,10935.35,0.0,0.0
1673,1673,85,1,77,20260104,12.0,178.52,0.0,2142.24,0.0,0.0
1674,1674,20,1,35,20260104,20.0,39.12,0.0,782.4,0.0,0.0
1675,1675,96,1,61,20260104,7.0,318.94,0.0,2232.58,0.0,0.0
1676,1676,85,1,23,20260104,32.0,106.01,0.0,3392.32,0.0,0.0
1677,1677,71,1,41,20260104,15.0,217.11,0.0,3256.65,0.0,0.0
1678,1678,72,1,75,20260104,8.0,398.3,0.0,3186.4,0.0,0.0
1679,1679,40,1,47,20260104,13.0,350.03,0.0,4550.39,0.0,0.0
1680,1680,61,1,46,20260104,12.0,267.32,0.0,3207.84,0.0,0.0
1681,1681,97,1,46,20260104,44.0,148.89,0.0,6551.16,0.0,0.0
1682,1682,83,1,4,20260104,27.0,163.31,0.0,4409.37,0.0,0.0
1683,1683,4,1,54,20260104,16.0,96.13,0.0,1538.08,0.0,0.0
1684,1684,41,1,15,20260104,38.0,410.97,0.0,15616.86,0.0,0.0
1685,1685,76,1,41,20260104,15.0,321.39,0.0,4820.85,0.0,0.0
1686,1686,93,1,5,20260104,7.0,114.32,0.0,800.24,0.0,0.0
1687,1687,94,1,25,20260104,21.0,148.55,0.0,3119.55,0.0,0.0
1688,1688,55,1,49,20260104,40.0,251.55,0.0,10062.0,0.0,0.0
1689,1689,19,1,60,20260104,16.0,306.1,0.0,4897.6,0.0,0.0
1690,1690,76,1,47,20260104,13.0,149.14,0.0,1938.82,0.0,0.0
1691,1691,37,1,53,20260104,34.0,377.36,0.0,12830.24,0.0,0.0
1692,1692,24,1,22,20260104,46.0,162.76,0.0,7486.96,0.0,0.0
1693,1693,8,1,11,20260104,17.0,319.0,0.0,5423.0,0.0,0.0
1694,1694,24,1,72,20260104,41.0,466.47,0.0,19125.27,0.0,0.0
1695,1695,71,1,63,20260104,37.0,20.44,0.0,756.28,0.0,0.0
1696,1696,67,1,45,20260104,4.0,160.9,0.0,643.6,0.0,0.0
1697,1697,98,1,18,20260104,20.0,5.84,0.0,116.8,0.0,0.0
1698,1698,29,1,7,20260104,47.0,174.73,0.0,8212.31,0.0,0.0
1699,1699,46,1,12,20260104,4.0,357.5,0.0,1430.0,0.0,0.0
1700,1700,27,1,73,20260104,27.0,286.12,0.0,7725.24,0.0,0.0
1701,1701,31,1,62,20260104,26.0,337.72,0.0,8780.72,0.0,0.0
1702,1702,48,1,71,20260104,10.0,403.45,0.0,4034.5,0.0,0.0
1703,1703,48,1,18,20260104,48.0,264.76,0.0,12708.48,0.0,0.0
1704,1704,41,1,6,20260104,41.0,175.11,0.0,7179.51,0.0,0.0
1705,1705,69,1,45,20260104,16.0,419.17,0.0,6706.72,0.0,0.0
1706,1706,42,1,46,20260104,48.0,435.91,0.0,20923.68,0.0,0.0
1707,1707,65,1,47,20260104,47.0,355.42,0.0,16704.74,0.0,0.0
1708,1708,55,1,70,20260104,25.0,455.69,0.0,11392.25,0.0,0.0
1709,1709,38,1,75,20260104,12.0,73.08,0.0,876.96,0.0,0.0
1710,1710,81,1,66,20260104,38.0,126.93,0.0,4823.34,0.0,0.0
1711,1711,75,1,11,20260104,28.0,129.23,0.0,3618.44,0.0,0.0
1712,1712,68,1,59,20260104,9.0,264.44,0.0,2379.96,0.0,0.0
1713,1713,42,1,65,20260104,33.0,52.32,0.0,1726.56,0.0,0.0
1714,1714,19,1,44,20260104,23.0,53.89,0.0,1239.47,0.0,0.0
1715,1715,7,1,16,20260104,36.0,13.01,0.0,468.36,0.0,0.0
1716,1716,70,1,39,20260104,41.0,71.42,0.0,2928.22,0.0,0.0
1717,1717,67,1,56,20260104,25.0,86.53,0.0,2163.25,0.0,0.0
1718,1718,50,1,73,20260104,34.0,163.11,0.0,5545.74,0.0,0.0
1719,1719,57,1,27,20260104,39.0,437.43,0.0,17059.77,0.0,0.0
1720,1720,87,1,18,20260104,29.0,354.31,0.0,10274.99,0.0,0.0
1721,1721,96,1,48,20260104,42.0,350.82,0.0,14734.44,0.0,0.0
1722,1722,59,1,3,20260104,31.0,322.03,0.0,9982.93,0.0,0.0
1723,1723,33,1,13,20260104,45.0,476.5,0.0,21442.5,0.0,0.0
1724,1724,58,1,37,20260104,31.0,181.88,0.0,5638.28,0.0,0.0
1725,1725,60,1,17,20260104,36.0,299.54,0.0,10783.44,0.0,0.0
1726,1726,69,1,34,20260104,12.0,434.84,0.0,5218.08,0.0,0.0
1727,1727,92,1,64,20260104,6.0,46.25,0.0,277.5,0.0,0.0
1728,1728,42,1,30,20260104,25.0,169.24,0.0,4231.0,0.0,0.0
1729,1729,48,1,33,20260104,26.0,223.43,0.0,5809.18,0.0,0.0
1730,1730,55,1,66,20260104,38.0,409.77,0.0,15571.26,0.0,0.0
1731,1731,72,1,32,20260104,9.0,404.09,0.0,3636.81,0.0,0.0
1732,1732,76,1,66,20260104,27.0,157.77,0.0,4259.79,0.0,0.0
1733,1733,7,1,53,20260104,27.0,279.34,0.0,7542.18,0.0,0.0
1734,1734,80,1,46,20260104,2.0,244.59,0.0,489.18,0.0,0.0
1735,1735,73,1,25,20260104,34.0,198.49,0.0,6748.66,0.0,0.0
1736,1736,83,1,68,20260104,49.0,279.31,0.0,13686.19,0.0,0.0
1737,1737,23,1,22,20260104,35.0,457.41,0.0,16009.35,0.0,0.0
1738,1738,31,1,53,20260104,42.0,82.92,0.0,3482.64,0.0,0.0
1739,1739,77,1,29,20260104,45.0,477.3,0.0,21478.5,0.0,0.0
1740,1740,25,1,48,20260104,28.0,285.44,0.0,7992.32,0.0,0.0
2826,2826,57,1,60,20260104,8.0,259.98,0.0,2079.84,0.0,0.0
1741,1741,29,1,22,20260104,38.0,150.86,0.0,5732.68,0.0,0.0
1742,1742,94,1,26,20260104,25.0,413.74,0.0,10343.5,0.0,0.0
1743,1743,2,1,55,20260104,40.0,112.39,0.0,4495.6,0.0,0.0
1744,1744,25,1,10,20260104,9.0,421.18,0.0,3790.62,0.0,0.0
1745,1745,42,1,28,20260104,39.0,232.87,0.0,9081.93,0.0,0.0
1746,1746,50,1,5,20260104,10.0,246.87,0.0,2468.7,0.0,0.0
1747,1747,47,1,12,20260104,48.0,477.41,0.0,22915.68,0.0,0.0
1748,1748,24,1,4,20260104,10.0,442.36,0.0,4423.6,0.0,0.0
1749,1749,54,1,6,20260104,17.0,420.32,0.0,7145.44,0.0,0.0
1750,1750,99,1,28,20260104,42.0,365.45,0.0,15348.9,0.0,0.0
1751,1751,79,1,53,20260104,9.0,136.57,0.0,1229.13,0.0,0.0
1752,1752,31,1,2,20260104,14.0,411.65,0.0,5763.1,0.0,0.0
1753,1753,51,1,26,20260104,46.0,210.75,0.0,9694.5,0.0,0.0
1754,1754,71,1,16,20260104,11.0,57.59,0.0,633.49,0.0,0.0
1755,1755,60,1,68,20260104,23.0,339.93,0.0,7818.39,0.0,0.0
1756,1756,71,1,77,20260104,8.0,163.99,0.0,1311.92,0.0,0.0
1757,1757,68,1,70,20260104,44.0,439.86,0.0,19353.84,0.0,0.0
1758,1758,42,1,23,20260104,20.0,87.56,0.0,1751.2,0.0,0.0
1759,1759,26,1,32,20260104,41.0,352.41,0.0,14448.81,0.0,0.0
1760,1760,50,1,36,20260104,49.0,49.16,0.0,2408.84,0.0,0.0
1761,1761,82,1,76,20260104,29.0,467.36,0.0,13553.44,0.0,0.0
1762,1762,30,1,32,20260104,37.0,437.29,0.0,16179.73,0.0,0.0
1763,1763,28,1,71,20260104,44.0,133.24,0.0,5862.56,0.0,0.0
1764,1764,82,1,25,20260104,11.0,321.34,0.0,3534.74,0.0,0.0
1765,1765,31,1,59,20260104,37.0,157.3,0.0,5820.1,0.0,0.0
1766,1766,86,1,31,20260104,21.0,375.98,0.0,7895.58,0.0,0.0
1767,1767,32,1,24,20260104,19.0,93.08,0.0,1768.52,0.0,0.0
1768,1768,88,1,54,20260104,5.0,379.91,0.0,1899.55,0.0,0.0
1769,1769,87,1,51,20260104,42.0,215.95,0.0,9069.9,0.0,0.0
1770,1770,17,1,4,20260104,5.0,486.96,0.0,2434.8,0.0,0.0
1771,1771,61,1,44,20260104,43.0,19.17,0.0,824.31,0.0,0.0
1772,1772,87,1,18,20260104,14.0,114.36,0.0,1601.04,0.0,0.0
1773,1773,48,1,76,20260104,20.0,7.49,0.0,149.8,0.0,0.0
1774,1774,49,1,52,20260104,29.0,412.02,0.0,11948.58,0.0,0.0
1775,1775,28,1,68,20260104,15.0,451.53,0.0,6772.95,0.0,0.0
1776,1776,79,1,56,20260104,16.0,446.52,0.0,7144.32,0.0,0.0
1777,1777,43,1,61,20260104,14.0,290.89,0.0,4072.46,0.0,0.0
1778,1778,64,1,50,20260104,27.0,234.15,0.0,6322.05,0.0,0.0
1779,1779,47,1,47,20260104,41.0,164.94,0.0,6762.54,0.0,0.0
1780,1780,49,1,51,20260104,4.0,94.96,0.0,379.84,0.0,0.0
1781,1781,47,1,69,20260104,23.0,436.37,0.0,10036.51,0.0,0.0
1782,1782,67,1,60,20260104,49.0,229.53,0.0,11246.97,0.0,0.0
1783,1783,89,1,61,20260104,13.0,407.0,0.0,5291.0,0.0,0.0
1784,1784,18,1,38,20260104,20.0,221.11,0.0,4422.2,0.0,0.0
1785,1785,81,1,32,20260104,49.0,61.65,0.0,3020.85,0.0,0.0
1786,1786,62,1,21,20260104,35.0,327.23,0.0,11453.05,0.0,0.0
1787,1787,47,1,40,20260104,36.0,368.39,0.0,13262.04,0.0,0.0
1788,1788,1,1,57,20260104,3.0,498.81,0.0,1496.43,0.0,0.0
1789,1789,20,1,22,20260104,36.0,277.27,0.0,9981.72,0.0,0.0
1790,1790,39,1,56,20260104,21.0,330.28,0.0,6935.88,0.0,0.0
1791,1791,92,1,50,20260104,46.0,249.18,0.0,11462.28,0.0,0.0
1792,1792,52,1,1,20260104,23.0,490.19,0.0,11274.37,0.0,0.0
1793,1793,100,1,46,20260104,1.0,80.22,0.0,80.22,0.0,0.0
1794,1794,53,1,18,20260104,12.0,74.09,0.0,889.08,0.0,0.0
1795,1795,58,1,7,20260104,19.0,461.83,0.0,8774.77,0.0,0.0
1796,1796,82,1,31,20260104,43.0,469.04,0.0,20168.72,0.0,0.0
1797,1797,79,1,8,20260104,16.0,194.3,0.0,3108.8,0.0,0.0
1798,1798,100,1,76,20260104,15.0,453.57,0.0,6803.55,0.0,0.0
1799,1799,34,1,45,20260104,50.0,102.31,0.0,5115.5,0.0,0.0
1800,1800,72,1,42,20260104,20.0,374.33,0.0,7486.6,0.0,0.0
1801,1801,75,1,55,20260104,44.0,343.72,0.0,15123.68,0.0,0.0
1802,1802,45,1,32,20260104,47.0,349.59,0.0,16430.73,0.0,0.0
1803,1803,75,1,6,20260104,37.0,43.56,0.0,1611.72,0.0,0.0
1804,1804,8,1,60,20260104,6.0,8.96,0.0,53.76,0.0,0.0
1805,1805,58,1,4,20260104,40.0,171.09,0.0,6843.6,0.0,0.0
1806,1806,9,1,24,20260104,31.0,449.09,0.0,13921.79,0.0,0.0
1807,1807,59,1,42,20260104,9.0,255.9,0.0,2303.1,0.0,0.0
1808,1808,50,1,25,20260104,42.0,229.83,0.0,9652.86,0.0,0.0
1809,1809,48,1,45,20260104,22.0,346.28,0.0,7618.16,0.0,0.0
1810,1810,68,1,20,20260104,5.0,48.27,0.0,241.35,0.0,0.0
1811,1811,86,1,58,20260104,49.0,263.74,0.0,12923.26,0.0,0.0
1812,1812,85,1,12,20260104,8.0,148.98,0.0,1191.84,0.0,0.0
1813,1813,17,1,53,20260104,16.0,15.53,0.0,248.48,0.0,0.0
1814,1814,23,1,73,20260104,43.0,32.02,0.0,1376.86,0.0,0.0
1815,1815,88,1,27,20260104,23.0,352.54,0.0,8108.42,0.0,0.0
1816,1816,37,1,76,20260104,16.0,288.92,0.0,4622.72,0.0,0.0
1817,1817,81,1,40,20260104,14.0,369.89,0.0,5178.46,0.0,0.0
1818,1818,75,1,23,20260104,28.0,279.81,0.0,7834.68,0.0,0.0
1819,1819,90,1,76,20260104,39.0,349.43,0.0,13627.77,0.0,0.0
1820,1820,81,1,69,20260104,4.0,219.6,0.0,878.4,0.0,0.0
1821,1821,24,1,61,20260104,13.0,148.9,0.0,1935.7,0.0,0.0
1822,1822,25,1,55,20260104,3.0,40.51,0.0,121.53,0.0,0.0
1823,1823,8,1,71,20260104,15.0,44.88,0.0,673.2,0.0,0.0
1824,1824,62,1,52,20260104,41.0,411.19,0.0,16858.79,0.0,0.0
1825,1825,68,1,61,20260104,31.0,416.02,0.0,12896.62,0.0,0.0
1826,1826,8,1,7,20260104,2.0,394.44,0.0,788.88,0.0,0.0
1827,1827,40,1,73,20260104,40.0,304.45,0.0,12178.0,0.0,0.0
1828,1828,2,1,72,20260104,42.0,408.65,0.0,17163.3,0.0,0.0
1829,1829,3,1,11,20260104,32.0,106.51,0.0,3408.32,0.0,0.0
1830,1830,33,1,8,20260104,17.0,153.2,0.0,2604.4,0.0,0.0
1831,1831,41,1,41,20260104,10.0,351.33,0.0,3513.3,0.0,0.0
1832,1832,68,1,3,20260104,5.0,86.07,0.0,430.35,0.0,0.0
1833,1833,95,1,11,20260104,39.0,465.99,0.0,18173.61,0.0,0.0
1834,1834,99,1,41,20260104,15.0,239.17,0.0,3587.55,0.0,0.0
1835,1835,44,1,59,20260104,7.0,56.62,0.0,396.34,0.0,0.0
1836,1836,47,1,18,20260104,26.0,78.09,0.0,2030.34,0.0,0.0
1837,1837,56,1,41,20260104,39.0,6.01,0.0,234.39,0.0,0.0
1838,1838,46,1,35,20260104,39.0,399.84,0.0,15593.76,0.0,0.0
1839,1839,24,1,49,20260104,35.0,357.23,0.0,12503.05,0.0,0.0
1840,1840,85,1,1,20260104,28.0,63.35,0.0,1773.8,0.0,0.0
1841,1841,35,1,4,20260104,35.0,206.82,0.0,7238.7,0.0,0.0
1842,1842,62,1,18,20260104,47.0,408.41,0.0,19195.27,0.0,0.0
1843,1843,54,1,69,20260104,14.0,128.73,0.0,1802.22,0.0,0.0
1844,1844,6,1,42,20260104,50.0,346.71,0.0,17335.5,0.0,0.0
1845,1845,86,1,45,20260104,30.0,135.29,0.0,4058.7,0.0,0.0
1846,1846,33,1,39,20260104,18.0,424.41,0.0,7639.38,0.0,0.0
1847,1847,62,1,49,20260104,11.0,13.89,0.0,152.79,0.0,0.0
1848,1848,29,1,5,20260104,11.0,209.82,0.0,2308.02,0.0,0.0
1849,1849,16,1,48,20260104,50.0,213.28,0.0,10664.0,0.0,0.0
1850,1850,83,1,10,20260104,3.0,455.3,0.0,1365.9,0.0,0.0
1851,1851,48,1,32,20260104,16.0,116.27,0.0,1860.32,0.0,0.0
1852,1852,40,1,62,20260104,50.0,486.98,0.0,24349.0,0.0,0.0
2827,2827,7,1,49,20260104,36.0,25.04,0.0,901.44,0.0,0.0
1853,1853,49,1,27,20260104,17.0,414.8,0.0,7051.6,0.0,0.0
1854,1854,11,1,49,20260104,27.0,475.19,0.0,12830.13,0.0,0.0
1855,1855,20,1,37,20260104,43.0,186.45,0.0,8017.35,0.0,0.0
1856,1856,56,1,73,20260104,48.0,430.46,0.0,20662.08,0.0,0.0
1857,1857,88,1,26,20260104,48.0,473.05,0.0,22706.4,0.0,0.0
1858,1858,5,1,14,20260104,21.0,368.76,0.0,7743.96,0.0,0.0
1859,1859,79,1,70,20260104,27.0,252.15,0.0,6808.05,0.0,0.0
1860,1860,77,1,10,20260104,4.0,59.1,0.0,236.4,0.0,0.0
1861,1861,48,1,73,20260104,50.0,171.98,0.0,8599.0,0.0,0.0
1862,1862,20,1,60,20260104,42.0,439.29,0.0,18450.18,0.0,0.0
1863,1863,89,1,74,20260104,7.0,21.74,0.0,152.18,0.0,0.0
1864,1864,47,1,61,20260104,12.0,272.83,0.0,3273.96,0.0,0.0
1865,1865,2,1,30,20260104,23.0,270.41,0.0,6219.43,0.0,0.0
1866,1866,18,1,12,20260104,40.0,350.12,0.0,14004.8,0.0,0.0
1867,1867,32,1,16,20260104,26.0,478.04,0.0,12429.04,0.0,0.0
1868,1868,53,1,47,20260104,12.0,26.92,0.0,323.04,0.0,0.0
1869,1869,89,1,70,20260104,5.0,204.01,0.0,1020.05,0.0,0.0
1870,1870,14,1,59,20260104,48.0,250.38,0.0,12018.24,0.0,0.0
1871,1871,51,1,67,20260104,44.0,309.22,0.0,13605.68,0.0,0.0
1872,1872,53,1,5,20260104,8.0,18.82,0.0,150.56,0.0,0.0
1873,1873,22,1,19,20260104,15.0,8.34,0.0,125.1,0.0,0.0
1874,1874,54,1,32,20260104,3.0,278.28,0.0,834.84,0.0,0.0
1875,1875,58,1,52,20260104,2.0,156.7,0.0,313.4,0.0,0.0
1876,1876,49,1,20,20260104,1.0,402.48,0.0,402.48,0.0,0.0
1877,1877,53,1,49,20260104,4.0,275.69,0.0,1102.76,0.0,0.0
1878,1878,51,1,42,20260104,8.0,164.42,0.0,1315.36,0.0,0.0
1879,1879,8,1,63,20260104,5.0,330.39,0.0,1651.95,0.0,0.0
1880,1880,42,1,33,20260104,21.0,441.6,0.0,9273.6,0.0,0.0
1881,1881,14,1,71,20260104,47.0,487.56,0.0,22915.32,0.0,0.0
1882,1882,20,1,77,20260104,19.0,138.05,0.0,2622.95,0.0,0.0
1883,1883,87,1,50,20260104,24.0,86.88,0.0,2085.12,0.0,0.0
1884,1884,84,1,38,20260104,36.0,239.13,0.0,8608.68,0.0,0.0
1885,1885,46,1,66,20260104,50.0,94.49,0.0,4724.5,0.0,0.0
1886,1886,75,1,74,20260104,44.0,309.94,0.0,13637.36,0.0,0.0
1887,1887,67,1,76,20260104,38.0,494.21,0.0,18779.98,0.0,0.0
1888,1888,74,1,77,20260104,34.0,394.63,0.0,13417.42,0.0,0.0
1889,1889,79,1,29,20260104,50.0,382.26,0.0,19113.0,0.0,0.0
1890,1890,55,1,57,20260104,46.0,296.56,0.0,13641.76,0.0,0.0
1891,1891,11,1,71,20260104,35.0,324.22,0.0,11347.7,0.0,0.0
1892,1892,91,1,59,20260104,40.0,45.88,0.0,1835.2,0.0,0.0
1893,1893,68,1,4,20260104,14.0,119.42,0.0,1671.88,0.0,0.0
1894,1894,4,1,56,20260104,14.0,259.3,0.0,3630.2,0.0,0.0
1895,1895,79,1,32,20260104,18.0,309.54,0.0,5571.72,0.0,0.0
1896,1896,68,1,14,20260104,47.0,389.36,0.0,18299.92,0.0,0.0
1897,1897,5,1,6,20260104,23.0,424.52,0.0,9763.96,0.0,0.0
1898,1898,97,1,51,20260104,21.0,193.73,0.0,4068.33,0.0,0.0
1899,1899,92,1,71,20260104,36.0,155.97,0.0,5614.92,0.0,0.0
1900,1900,2,1,29,20260104,10.0,150.03,0.0,1500.3,0.0,0.0
1901,1901,4,1,46,20260104,31.0,452.95,0.0,14041.45,0.0,0.0
1902,1902,21,1,50,20260104,15.0,31.4,0.0,471.0,0.0,0.0
1903,1903,44,1,37,20260104,2.0,382.47,0.0,764.94,0.0,0.0
1904,1904,36,1,55,20260104,24.0,318.11,0.0,7634.64,0.0,0.0
1905,1905,11,1,43,20260104,38.0,101.14,0.0,3843.32,0.0,0.0
1906,1906,32,1,12,20260104,13.0,295.43,0.0,3840.59,0.0,0.0
1907,1907,47,1,40,20260104,5.0,269.6,0.0,1348.0,0.0,0.0
1908,1908,53,1,44,20260104,47.0,400.71,0.0,18833.37,0.0,0.0
1909,1909,52,1,13,20260104,22.0,288.14,0.0,6339.08,0.0,0.0
1910,1910,58,1,27,20260104,48.0,374.17,0.0,17960.16,0.0,0.0
1911,1911,49,1,70,20260104,44.0,167.17,0.0,7355.48,0.0,0.0
1912,1912,60,1,5,20260104,28.0,436.62,0.0,12225.36,0.0,0.0
1913,1913,98,1,59,20260104,30.0,490.1,0.0,14703.0,0.0,0.0
1914,1914,1,1,5,20260104,22.0,132.49,0.0,2914.78,0.0,0.0
1915,1915,1,1,12,20260104,1.0,195.75,0.0,195.75,0.0,0.0
1916,1916,91,1,68,20260104,35.0,132.95,0.0,4653.25,0.0,0.0
1917,1917,65,1,3,20260104,45.0,254.59,0.0,11456.55,0.0,0.0
1918,1918,48,1,14,20260104,32.0,421.65,0.0,13492.8,0.0,0.0
1919,1919,21,1,36,20260104,36.0,372.5,0.0,13410.0,0.0,0.0
1920,1920,37,1,47,20260104,38.0,200.25,0.0,7609.5,0.0,0.0
1921,1921,77,1,40,20260104,10.0,321.49,0.0,3214.9,0.0,0.0
1922,1922,53,1,67,20260104,38.0,28.81,0.0,1094.78,0.0,0.0
1923,1923,84,1,26,20260104,14.0,351.71,0.0,4923.94,0.0,0.0
1924,1924,22,1,16,20260104,2.0,125.88,0.0,251.76,0.0,0.0
1925,1925,56,1,16,20260104,46.0,183.95,0.0,8461.7,0.0,0.0
1926,1926,95,1,27,20260104,19.0,464.91,0.0,8833.29,0.0,0.0
1927,1927,46,1,9,20260104,26.0,148.95,0.0,3872.7,0.0,0.0
1928,1928,42,1,63,20260104,50.0,330.92,0.0,16546.0,0.0,0.0
1929,1929,100,1,16,20260104,47.0,80.74,0.0,3794.78,0.0,0.0
1930,1930,35,1,46,20260104,8.0,19.6,0.0,156.8,0.0,0.0
1931,1931,68,1,35,20260104,25.0,33.65,0.0,841.25,0.0,0.0
1932,1932,78,1,34,20260104,14.0,36.19,0.0,506.66,0.0,0.0
1933,1933,70,1,66,20260104,50.0,373.48,0.0,18674.0,0.0,0.0
1934,1934,44,1,59,20260104,3.0,136.81,0.0,410.43,0.0,0.0
1935,1935,90,1,66,20260104,16.0,197.82,0.0,3165.12,0.0,0.0
1936,1936,78,1,3,20260104,7.0,99.28,0.0,694.96,0.0,0.0
1937,1937,65,1,1,20260104,15.0,452.63,0.0,6789.45,0.0,0.0
1938,1938,18,1,71,20260104,3.0,309.79,0.0,929.37,0.0,0.0
1939,1939,35,1,15,20260104,31.0,5.29,0.0,163.99,0.0,0.0
1940,1940,84,1,65,20260104,13.0,300.05,0.0,3900.65,0.0,0.0
1941,1941,8,1,31,20260104,14.0,423.14,0.0,5923.96,0.0,0.0
1942,1942,85,1,47,20260104,29.0,196.28,0.0,5692.12,0.0,0.0
1943,1943,100,1,34,20260104,45.0,348.67,0.0,15690.15,0.0,0.0
1944,1944,81,1,22,20260104,20.0,135.04,0.0,2700.8,0.0,0.0
1945,1945,26,1,33,20260104,33.0,80.89,0.0,2669.37,0.0,0.0
1946,1946,57,1,3,20260104,4.0,71.51,0.0,286.04,0.0,0.0
1947,1947,63,1,51,20260104,49.0,470.46,0.0,23052.54,0.0,0.0
1948,1948,73,1,30,20260104,11.0,462.7,0.0,5089.7,0.0,0.0
1949,1949,3,1,64,20260104,36.0,272.36,0.0,9804.96,0.0,0.0
1950,1950,23,1,27,20260104,27.0,197.43,0.0,5330.61,0.0,0.0
1951,1951,43,1,74,20260104,10.0,116.78,0.0,1167.8,0.0,0.0
1952,1952,93,1,65,20260104,48.0,11.45,0.0,549.6,0.0,0.0
1953,1953,4,1,39,20260104,41.0,136.57,0.0,5599.37,0.0,0.0
1954,1954,71,1,39,20260104,33.0,204.77,0.0,6757.41,0.0,0.0
1955,1955,100,1,19,20260104,47.0,65.29,0.0,3068.63,0.0,0.0
1956,1956,76,1,56,20260104,39.0,232.73,0.0,9076.47,0.0,0.0
1957,1957,3,1,23,20260104,24.0,86.8,0.0,2083.2,0.0,0.0
1958,1958,1,1,31,20260104,36.0,208.8,0.0,7516.8,0.0,0.0
1959,1959,57,1,63,20260104,33.0,43.34,0.0,1430.22,0.0,0.0
1960,1960,79,1,32,20260104,46.0,203.65,0.0,9367.9,0.0,0.0
1961,1961,83,1,38,20260104,3.0,343.4,0.0,1030.2,0.0,0.0
1962,1962,10,1,11,20260104,32.0,390.96,0.0,12510.72,0.0,0.0
1963,1963,6,1,33,20260104,8.0,86.09,0.0,688.72,0.0,0.0
1964,1964,91,1,56,20260104,15.0,242.4,0.0,3636.0,0.0,0.0
2828,2828,90,1,48,20260104,37.0,267.14,0.0,9884.18,0.0,0.0
1965,1965,74,1,29,20260104,21.0,488.37,0.0,10255.77,0.0,0.0
1966,1966,36,1,42,20260104,3.0,298.44,0.0,895.32,0.0,0.0
1967,1967,15,1,48,20260104,4.0,423.32,0.0,1693.28,0.0,0.0
1968,1968,53,1,69,20260104,15.0,85.52,0.0,1282.8,0.0,0.0
1969,1969,89,1,74,20260104,12.0,486.98,0.0,5843.76,0.0,0.0
1970,1970,63,1,65,20260104,13.0,402.47,0.0,5232.11,0.0,0.0
1971,1971,48,1,18,20260104,39.0,235.11,0.0,9169.29,0.0,0.0
1972,1972,77,1,66,20260104,30.0,473.63,0.0,14208.9,0.0,0.0
1973,1973,66,1,10,20260104,46.0,229.85,0.0,10573.1,0.0,0.0
1974,1974,2,1,41,20260104,5.0,177.98,0.0,889.9,0.0,0.0
1975,1975,29,1,59,20260104,45.0,206.46,0.0,9290.7,0.0,0.0
1976,1976,28,1,42,20260104,4.0,123.98,0.0,495.92,0.0,0.0
1977,1977,17,1,45,20260104,7.0,119.18,0.0,834.26,0.0,0.0
1978,1978,91,1,32,20260104,34.0,274.49,0.0,9332.66,0.0,0.0
1979,1979,52,1,53,20260104,50.0,222.53,0.0,11126.5,0.0,0.0
1980,1980,8,1,14,20260104,26.0,336.26,0.0,8742.76,0.0,0.0
1981,1981,95,1,37,20260104,15.0,449.83,0.0,6747.45,0.0,0.0
1982,1982,83,1,37,20260104,23.0,139.48,0.0,3208.04,0.0,0.0
1983,1983,93,1,51,20260104,42.0,99.75,0.0,4189.5,0.0,0.0
1984,1984,38,1,65,20260104,39.0,410.75,0.0,16019.25,0.0,0.0
1985,1985,53,1,15,20260104,23.0,23.81,0.0,547.63,0.0,0.0
1986,1986,54,1,73,20260104,7.0,499.9,0.0,3499.3,0.0,0.0
1987,1987,64,1,20,20260104,21.0,55.65,0.0,1168.65,0.0,0.0
1988,1988,33,1,20,20260104,15.0,272.89,0.0,4093.35,0.0,0.0
1989,1989,1,1,63,20260104,47.0,394.93,0.0,18561.71,0.0,0.0
1990,1990,100,1,50,20260104,8.0,281.73,0.0,2253.84,0.0,0.0
1991,1991,5,1,48,20260104,31.0,55.06,0.0,1706.86,0.0,0.0
1992,1992,71,1,73,20260104,27.0,52.08,0.0,1406.16,0.0,0.0
1993,1993,45,1,10,20260104,16.0,362.46,0.0,5799.36,0.0,0.0
1994,1994,47,1,25,20260104,23.0,182.17,0.0,4189.91,0.0,0.0
1995,1995,71,1,15,20260104,2.0,241.63,0.0,483.26,0.0,0.0
1996,1996,100,1,23,20260104,4.0,422.78,0.0,1691.12,0.0,0.0
1997,1997,18,1,17,20260104,20.0,248.16,0.0,4963.2,0.0,0.0
1998,1998,28,1,43,20260104,30.0,210.41,0.0,6312.3,0.0,0.0
1999,1999,33,1,38,20260104,34.0,432.68,0.0,14711.12,0.0,0.0
2000,2000,91,1,8,20260104,20.0,118.71,0.0,2374.2,0.0,0.0
2001,2001,64,1,24,20260104,16.0,285.3,0.0,4564.8,0.0,0.0
2002,2002,53,1,39,20260104,7.0,70.46,0.0,493.22,0.0,0.0
2003,2003,9,1,55,20260104,30.0,7.3,0.0,219.0,0.0,0.0
2004,2004,72,1,14,20260104,22.0,333.11,0.0,7328.42,0.0,0.0
2005,2005,75,1,15,20260104,42.0,39.26,0.0,1648.92,0.0,0.0
2006,2006,98,1,59,20260104,20.0,413.59,0.0,8271.8,0.0,0.0
2007,2007,64,1,52,20260104,18.0,190.18,0.0,3423.24,0.0,0.0
2008,2008,63,1,12,20260104,16.0,28.36,0.0,453.76,0.0,0.0
2009,2009,13,1,44,20260104,7.0,271.8,0.0,1902.6,0.0,0.0
2010,2010,61,1,30,20260104,41.0,182.95,0.0,7500.95,0.0,0.0
2011,2011,97,1,29,20260104,43.0,366.14,0.0,15744.02,0.0,0.0
2012,2012,68,1,72,20260104,41.0,306.39,0.0,12561.99,0.0,0.0
2013,2013,43,1,60,20260104,43.0,205.79,0.0,8848.97,0.0,0.0
2014,2014,73,1,19,20260104,30.0,256.95,0.0,7708.5,0.0,0.0
2015,2015,28,1,5,20260104,48.0,405.49,0.0,19463.52,0.0,0.0
2016,2016,26,1,19,20260104,13.0,32.53,0.0,422.89,0.0,0.0
2017,2017,17,1,77,20260104,47.0,91.21,0.0,4286.87,0.0,0.0
2018,2018,33,1,44,20260104,27.0,443.28,0.0,11968.56,0.0,0.0
2019,2019,25,1,57,20260104,31.0,219.19,0.0,6794.89,0.0,0.0
2020,2020,46,1,12,20260104,29.0,25.35,0.0,735.15,0.0,0.0
2021,2021,25,1,17,20260104,36.0,282.61,0.0,10173.96,0.0,0.0
2022,2022,28,1,11,20260104,31.0,469.87,0.0,14565.97,0.0,0.0
2023,2023,57,1,39,20260104,48.0,327.09,0.0,15700.32,0.0,0.0
2024,2024,77,1,34,20260104,25.0,354.25,0.0,8856.25,0.0,0.0
2025,2025,20,1,26,20260104,18.0,22.07,0.0,397.26,0.0,0.0
2026,2026,83,1,24,20260104,3.0,136.52,0.0,409.56,0.0,0.0
2027,2027,54,1,56,20260104,8.0,148.5,0.0,1188.0,0.0,0.0
2028,2028,2,1,40,20260104,5.0,303.29,0.0,1516.45,0.0,0.0
2029,2029,28,1,32,20260104,7.0,479.17,0.0,3354.19,0.0,0.0
2030,2030,39,1,62,20260104,30.0,249.64,0.0,7489.2,0.0,0.0
2031,2031,84,1,15,20260104,25.0,141.34,0.0,3533.5,0.0,0.0
2032,2032,47,1,46,20260104,25.0,120.87,0.0,3021.75,0.0,0.0
2033,2033,31,1,30,20260104,5.0,184.26,0.0,921.3,0.0,0.0
2034,2034,56,1,60,20260104,10.0,15.34,0.0,153.4,0.0,0.0
2035,2035,68,1,28,20260104,9.0,89.11,0.0,801.99,0.0,0.0
2036,2036,91,1,70,20260104,15.0,327.99,0.0,4919.85,0.0,0.0
2037,2037,42,1,47,20260104,2.0,352.15,0.0,704.3,0.0,0.0
2038,2038,13,1,1,20260104,4.0,269.0,0.0,1076.0,0.0,0.0
2039,2039,50,1,57,20260104,48.0,215.19,0.0,10329.12,0.0,0.0
2040,2040,46,1,50,20260104,34.0,215.29,0.0,7319.86,0.0,0.0
2041,2041,3,1,74,20260104,15.0,406.69,0.0,6100.35,0.0,0.0
2042,2042,59,1,69,20260104,40.0,376.41,0.0,15056.4,0.0,0.0
2043,2043,78,1,58,20260104,3.0,273.33,0.0,819.99,0.0,0.0
2044,2044,77,1,39,20260104,43.0,488.98,0.0,21026.14,0.0,0.0
2045,2045,52,1,20,20260104,45.0,425.7,0.0,19156.5,0.0,0.0
2046,2046,87,1,42,20260104,33.0,138.31,0.0,4564.23,0.0,0.0
2047,2047,92,1,76,20260104,13.0,343.72,0.0,4468.36,0.0,0.0
2048,2048,35,1,52,20260104,42.0,246.26,0.0,10342.92,0.0,0.0
2049,2049,81,1,46,20260104,32.0,77.98,0.0,2495.36,0.0,0.0
2050,2050,72,1,41,20260104,22.0,180.0,0.0,3960.0,0.0,0.0
2051,2051,22,1,49,20260104,5.0,213.76,0.0,1068.8,0.0,0.0
2052,2052,57,1,46,20260104,35.0,341.67,0.0,11958.45,0.0,0.0
2053,2053,75,1,32,20260104,49.0,437.44,0.0,21434.56,0.0,0.0
2054,2054,29,1,77,20260104,24.0,242.68,0.0,5824.32,0.0,0.0
2055,2055,10,1,5,20260104,41.0,337.18,0.0,13824.38,0.0,0.0
2056,2056,82,1,28,20260104,21.0,28.62,0.0,601.02,0.0,0.0
2057,2057,19,1,57,20260104,12.0,79.24,0.0,950.88,0.0,0.0
2058,2058,74,1,45,20260104,31.0,61.79,0.0,1915.49,0.0,0.0
2059,2059,22,1,6,20260104,18.0,350.66,0.0,6311.88,0.0,0.0
2060,2060,3,1,27,20260104,2.0,86.74,0.0,173.48,0.0,0.0
2061,2061,64,1,63,20260104,38.0,228.28,0.0,8674.64,0.0,0.0
2062,2062,95,1,8,20260104,14.0,288.41,0.0,4037.74,0.0,0.0
2063,2063,18,1,27,20260104,28.0,479.71,0.0,13431.88,0.0,0.0
2064,2064,74,1,72,20260104,6.0,235.22,0.0,1411.32,0.0,0.0
2065,2065,48,1,62,20260104,35.0,172.16,0.0,6025.6,0.0,0.0
2066,2066,6,1,47,20260104,45.0,401.33,0.0,18059.85,0.0,0.0
2067,2067,82,1,13,20260104,18.0,127.44,0.0,2293.92,0.0,0.0
2068,2068,46,1,45,20260104,48.0,306.83,0.0,14727.84,0.0,0.0
2069,2069,11,1,12,20260104,40.0,139.8,0.0,5592.0,0.0,0.0
2070,2070,88,1,58,20260104,13.0,315.81,0.0,4105.53,0.0,0.0
2071,2071,52,1,74,20260104,35.0,495.83,0.0,17354.05,0.0,0.0
2072,2072,67,1,6,20260104,5.0,201.41,0.0,1007.05,0.0,0.0
2073,2073,73,1,1,20260104,47.0,486.14,0.0,22848.58,0.0,0.0
2074,2074,55,1,58,20260104,24.0,249.16,0.0,5979.84,0.0,0.0
2075,2075,52,1,65,20260104,27.0,389.37,0.0,10512.99,0.0,0.0
2076,2076,86,1,74,20260104,7.0,36.96,0.0,258.72,0.0,0.0
2829,2829,97,1,76,20260104,18.0,461.48,0.0,8306.64,0.0,0.0
2077,2077,92,1,51,20260104,5.0,393.62,0.0,1968.1,0.0,0.0
2078,2078,75,1,44,20260104,21.0,370.53,0.0,7781.13,0.0,0.0
2079,2079,8,1,47,20260104,6.0,56.04,0.0,336.24,0.0,0.0
2080,2080,57,1,53,20260104,4.0,138.87,0.0,555.48,0.0,0.0
2081,2081,84,1,74,20260104,16.0,155.63,0.0,2490.08,0.0,0.0
2082,2082,42,1,5,20260104,26.0,390.3,0.0,10147.8,0.0,0.0
2083,2083,49,1,51,20260104,21.0,481.35,0.0,10108.35,0.0,0.0
2084,2084,56,1,45,20260104,12.0,173.14,0.0,2077.68,0.0,0.0
2085,2085,86,1,18,20260104,23.0,140.06,0.0,3221.38,0.0,0.0
2086,2086,20,1,24,20260104,38.0,389.35,0.0,14795.3,0.0,0.0
2087,2087,23,1,77,20260104,18.0,184.98,0.0,3329.64,0.0,0.0
2088,2088,75,1,54,20260104,27.0,412.26,0.0,11131.02,0.0,0.0
2089,2089,2,1,30,20260104,33.0,108.12,0.0,3567.96,0.0,0.0
2090,2090,85,1,10,20260104,45.0,162.88,0.0,7329.6,0.0,0.0
2091,2091,71,1,31,20260104,18.0,399.59,0.0,7192.62,0.0,0.0
2092,2092,55,1,63,20260104,6.0,379.54,0.0,2277.24,0.0,0.0
2093,2093,81,1,60,20260104,7.0,481.37,0.0,3369.59,0.0,0.0
2094,2094,31,1,56,20260104,8.0,25.84,0.0,206.72,0.0,0.0
2095,2095,67,1,6,20260104,40.0,171.64,0.0,6865.6,0.0,0.0
2096,2096,52,1,61,20260104,29.0,15.05,0.0,436.45,0.0,0.0
2097,2097,47,1,46,20260104,15.0,76.94,0.0,1154.1,0.0,0.0
2098,2098,20,1,59,20260104,5.0,417.33,0.0,2086.65,0.0,0.0
2099,2099,25,1,55,20260104,50.0,213.33,0.0,10666.5,0.0,0.0
2100,2100,19,1,40,20260104,45.0,227.8,0.0,10251.0,0.0,0.0
2101,2101,21,1,1,20260104,15.0,280.29,0.0,4204.35,0.0,0.0
2102,2102,88,1,21,20260104,36.0,59.02,0.0,2124.72,0.0,0.0
2103,2103,83,1,67,20260104,21.0,224.36,0.0,4711.56,0.0,0.0
2104,2104,53,1,32,20260104,6.0,244.7,0.0,1468.2,0.0,0.0
2105,2105,57,1,73,20260104,43.0,72.21,0.0,3105.03,0.0,0.0
2106,2106,39,1,28,20260104,9.0,372.38,0.0,3351.42,0.0,0.0
2107,2107,12,1,25,20260104,16.0,107.22,0.0,1715.52,0.0,0.0
2108,2108,9,1,15,20260104,9.0,350.3,0.0,3152.7,0.0,0.0
2109,2109,71,1,64,20260104,11.0,383.95,0.0,4223.45,0.0,0.0
2110,2110,61,1,25,20260104,26.0,107.3,0.0,2789.8,0.0,0.0
2111,2111,66,1,59,20260104,2.0,123.79,0.0,247.58,0.0,0.0
2112,2112,12,1,60,20260104,16.0,421.64,0.0,6746.24,0.0,0.0
2113,2113,57,1,56,20260104,1.0,335.04,0.0,335.04,0.0,0.0
2114,2114,26,1,44,20260104,9.0,48.23,0.0,434.07,0.0,0.0
2115,2115,33,1,44,20260104,25.0,399.25,0.0,9981.25,0.0,0.0
2116,2116,64,1,53,20260104,15.0,278.68,0.0,4180.2,0.0,0.0
2117,2117,6,1,35,20260104,43.0,29.9,0.0,1285.7,0.0,0.0
2118,2118,92,1,45,20260104,28.0,88.11,0.0,2467.08,0.0,0.0
2119,2119,41,1,16,20260104,31.0,407.2,0.0,12623.2,0.0,0.0
2120,2120,39,1,28,20260104,47.0,133.48,0.0,6273.56,0.0,0.0
2121,2121,39,1,47,20260104,31.0,289.85,0.0,8985.35,0.0,0.0
2122,2122,76,1,10,20260104,50.0,204.97,0.0,10248.5,0.0,0.0
2123,2123,99,1,26,20260104,18.0,184.71,0.0,3324.78,0.0,0.0
2124,2124,5,1,24,20260104,27.0,307.91,0.0,8313.57,0.0,0.0
2125,2125,35,1,50,20260104,11.0,47.35,0.0,520.85,0.0,0.0
2126,2126,70,1,20,20260104,27.0,190.41,0.0,5141.07,0.0,0.0
2127,2127,6,1,74,20260104,17.0,276.39,0.0,4698.63,0.0,0.0
2128,2128,16,1,11,20260104,40.0,220.76,0.0,8830.4,0.0,0.0
2129,2129,40,1,74,20260104,8.0,28.27,0.0,226.16,0.0,0.0
2130,2130,23,1,59,20260104,11.0,156.4,0.0,1720.4,0.0,0.0
2131,2131,24,1,9,20260104,42.0,151.13,0.0,6347.46,0.0,0.0
2132,2132,98,1,44,20260104,38.0,437.41,0.0,16621.58,0.0,0.0
2133,2133,99,1,45,20260104,50.0,228.58,0.0,11429.0,0.0,0.0
2134,2134,6,1,42,20260104,27.0,227.53,0.0,6143.31,0.0,0.0
2135,2135,70,1,31,20260104,46.0,397.71,0.0,18294.66,0.0,0.0
2136,2136,59,1,31,20260104,26.0,106.9,0.0,2779.4,0.0,0.0
2137,2137,38,1,57,20260104,9.0,436.47,0.0,3928.23,0.0,0.0
2138,2138,75,1,54,20260104,4.0,221.99,0.0,887.96,0.0,0.0
2139,2139,98,1,63,20260104,9.0,207.56,0.0,1868.04,0.0,0.0
2140,2140,90,1,60,20260104,41.0,107.72,0.0,4416.52,0.0,0.0
2141,2141,70,1,42,20260104,21.0,25.62,0.0,538.02,0.0,0.0
2142,2142,49,1,31,20260104,16.0,386.43,0.0,6182.88,0.0,0.0
2143,2143,47,1,4,20260104,20.0,146.74,0.0,2934.8,0.0,0.0
2144,2144,12,1,32,20260104,33.0,174.76,0.0,5767.08,0.0,0.0
2145,2145,32,1,47,20260104,3.0,182.68,0.0,548.04,0.0,0.0
2146,2146,91,1,33,20260104,30.0,291.22,0.0,8736.6,0.0,0.0
2147,2147,44,1,19,20260104,45.0,111.15,0.0,5001.75,0.0,0.0
2148,2148,22,1,40,20260104,11.0,289.65,0.0,3186.15,0.0,0.0
2149,2149,64,1,77,20260104,46.0,373.35,0.0,17174.1,0.0,0.0
2150,2150,25,1,76,20260104,21.0,285.26,0.0,5990.46,0.0,0.0
2151,2151,81,1,67,20260104,40.0,113.52,0.0,4540.8,0.0,0.0
2152,2152,18,1,34,20260104,43.0,380.23,0.0,16349.89,0.0,0.0
2153,2153,77,1,70,20260104,9.0,420.21,0.0,3781.89,0.0,0.0
2154,2154,69,1,42,20260104,14.0,14.62,0.0,204.68,0.0,0.0
2155,2155,72,1,38,20260104,6.0,382.77,0.0,2296.62,0.0,0.0
2156,2156,79,1,27,20260104,3.0,22.57,0.0,67.71,0.0,0.0
2157,2157,98,1,28,20260104,35.0,291.45,0.0,10200.75,0.0,0.0
2158,2158,81,1,47,20260104,24.0,496.99,0.0,11927.76,0.0,0.0
2159,2159,15,1,25,20260104,38.0,62.52,0.0,2375.76,0.0,0.0
2160,2160,65,1,6,20260104,28.0,474.73,0.0,13292.44,0.0,0.0
2161,2161,78,1,59,20260104,25.0,139.94,0.0,3498.5,0.0,0.0
2162,2162,59,1,11,20260104,23.0,134.38,0.0,3090.74,0.0,0.0
2163,2163,32,1,19,20260104,49.0,156.56,0.0,7671.44,0.0,0.0
2164,2164,38,1,19,20260104,47.0,142.44,0.0,6694.68,0.0,0.0
2165,2165,5,1,55,20260104,1.0,385.02,0.0,385.02,0.0,0.0
2166,2166,38,1,52,20260104,41.0,10.56,0.0,432.96,0.0,0.0
2167,2167,76,1,37,20260104,41.0,345.11,0.0,14149.51,0.0,0.0
2168,2168,79,1,36,20260104,27.0,266.36,0.0,7191.72,0.0,0.0
2169,2169,100,1,76,20260104,10.0,312.82,0.0,3128.2,0.0,0.0
2170,2170,11,1,7,20260104,24.0,177.76,0.0,4266.24,0.0,0.0
2171,2171,91,1,48,20260104,14.0,366.99,0.0,5137.86,0.0,0.0
2172,2172,3,1,36,20260104,41.0,425.49,0.0,17445.09,0.0,0.0
2173,2173,8,1,32,20260104,35.0,239.68,0.0,8388.8,0.0,0.0
2174,2174,39,1,28,20260104,25.0,413.64,0.0,10341.0,0.0,0.0
2175,2175,79,1,3,20260104,21.0,32.81,0.0,689.01,0.0,0.0
2176,2176,55,1,65,20260104,24.0,386.55,0.0,9277.2,0.0,0.0
2177,2177,97,1,7,20260104,7.0,180.81,0.0,1265.67,0.0,0.0
2178,2178,65,1,49,20260104,43.0,81.81,0.0,3517.83,0.0,0.0
2179,2179,28,1,56,20260104,19.0,107.8,0.0,2048.2,0.0,0.0
2180,2180,65,1,14,20260104,19.0,143.07,0.0,2718.33,0.0,0.0
2830,2830,60,1,61,20260104,2.0,35.78,0.0,71.56,0.0,0.0
2181,2181,98,1,63,20260104,50.0,165.83,0.0,8291.5,0.0,0.0
2183,2183,76,1,7,20260104,2.0,325.16,0.0,650.32,0.0,0.0
2184,2184,90,1,48,20260104,50.0,54.64,0.0,2732.0,0.0,0.0
2185,2185,86,1,43,20260104,21.0,372.09,0.0,7813.89,0.0,0.0
2186,2186,91,1,72,20260104,46.0,466.98,0.0,21481.08,0.0,0.0
2187,2187,4,1,40,20260104,8.0,194.67,0.0,1557.36,0.0,0.0
2188,2188,64,1,39,20260104,39.0,238.67,0.0,9308.13,0.0,0.0
2189,2189,26,1,5,20260104,37.0,375.34,0.0,13887.58,0.0,0.0
2182,2182,8,1,63,20260104,35.0,128.02,0.0,4480.7,0.0,0.0
2190,2190,98,1,57,20260104,43.0,319.33,0.0,13731.19,0.0,0.0
2191,2191,34,1,64,20260104,22.0,291.03,0.0,6402.66,0.0,0.0
2192,2192,62,1,8,20260104,15.0,299.46,0.0,4491.9,0.0,0.0
2193,2193,49,1,28,20260104,5.0,24.17,0.0,120.85,0.0,0.0
2194,2194,85,1,69,20260104,5.0,91.09,0.0,455.45,0.0,0.0
2195,2195,12,1,54,20260104,44.0,33.66,0.0,1481.04,0.0,0.0
2196,2196,39,1,42,20260104,11.0,324.96,0.0,3574.56,0.0,0.0
2197,2197,22,1,51,20260104,6.0,314.53,0.0,1887.18,0.0,0.0
2198,2198,75,1,58,20260104,40.0,90.66,0.0,3626.4,0.0,0.0
2199,2199,77,1,42,20260104,13.0,236.79,0.0,3078.27,0.0,0.0
2200,2200,9,1,36,20260104,40.0,398.72,0.0,15948.8,0.0,0.0
2201,2201,36,1,46,20260104,24.0,458.93,0.0,11014.32,0.0,0.0
2202,2202,77,1,75,20260104,43.0,230.09,0.0,9893.87,0.0,0.0
2203,2203,34,1,50,20260104,38.0,241.16,0.0,9164.08,0.0,0.0
2204,2204,47,1,16,20260104,26.0,396.34,0.0,10304.84,0.0,0.0
2205,2205,95,1,57,20260104,27.0,237.56,0.0,6414.12,0.0,0.0
2206,2206,66,1,62,20260104,37.0,352.56,0.0,13044.72,0.0,0.0
2207,2207,47,1,54,20260104,22.0,149.18,0.0,3281.96,0.0,0.0
2208,2208,12,1,8,20260104,18.0,195.47,0.0,3518.46,0.0,0.0
2209,2209,21,1,36,20260104,27.0,280.61,0.0,7576.47,0.0,0.0
2210,2210,9,1,76,20260104,36.0,76.52,0.0,2754.72,0.0,0.0
2211,2211,23,1,12,20260104,9.0,453.85,0.0,4084.65,0.0,0.0
2212,2212,13,1,52,20260104,43.0,390.29,0.0,16782.47,0.0,0.0
2213,2213,22,1,15,20260104,45.0,419.33,0.0,18869.85,0.0,0.0
2214,2214,13,1,7,20260104,30.0,258.21,0.0,7746.3,0.0,0.0
2215,2215,12,1,13,20260104,45.0,488.39,0.0,21977.55,0.0,0.0
2216,2216,12,1,58,20260104,21.0,180.67,0.0,3794.07,0.0,0.0
2217,2217,79,1,21,20260104,45.0,182.71,0.0,8221.95,0.0,0.0
2218,2218,57,1,1,20260104,4.0,31.81,0.0,127.24,0.0,0.0
2219,2219,81,1,50,20260104,16.0,154.04,0.0,2464.64,0.0,0.0
2220,2220,41,1,37,20260104,38.0,385.64,0.0,14654.32,0.0,0.0
2221,2221,99,1,24,20260104,14.0,323.65,0.0,4531.1,0.0,0.0
2222,2222,47,1,75,20260104,25.0,211.7,0.0,5292.5,0.0,0.0
2223,2223,27,1,58,20260104,18.0,452.97,0.0,8153.46,0.0,0.0
2224,2224,20,1,19,20260104,8.0,397.88,0.0,3183.04,0.0,0.0
2225,2225,36,1,13,20260104,20.0,439.38,0.0,8787.6,0.0,0.0
2226,2226,4,1,21,20260104,14.0,166.32,0.0,2328.48,0.0,0.0
2227,2227,30,1,28,20260104,42.0,467.6,0.0,19639.2,0.0,0.0
2228,2228,5,1,28,20260104,21.0,100.65,0.0,2113.65,0.0,0.0
2229,2229,95,1,67,20260104,7.0,440.75,0.0,3085.25,0.0,0.0
2230,2230,24,1,76,20260104,15.0,338.84,0.0,5082.6,0.0,0.0
2231,2231,12,1,32,20260104,31.0,28.06,0.0,869.86,0.0,0.0
2232,2232,93,1,53,20260104,24.0,352.02,0.0,8448.48,0.0,0.0
2233,2233,72,1,43,20260104,23.0,300.31,0.0,6907.13,0.0,0.0
2234,2234,72,1,13,20260104,17.0,53.89,0.0,916.13,0.0,0.0
2235,2235,65,1,57,20260104,18.0,114.88,0.0,2067.84,0.0,0.0
2236,2236,100,1,39,20260104,22.0,249.78,0.0,5495.16,0.0,0.0
2237,2237,73,1,16,20260104,27.0,353.26,0.0,9538.02,0.0,0.0
2238,2238,23,1,4,20260104,4.0,454.19,0.0,1816.76,0.0,0.0
2239,2239,2,1,46,20260104,26.0,159.42,0.0,4144.92,0.0,0.0
2240,2240,81,1,52,20260104,39.0,285.42,0.0,11131.38,0.0,0.0
2241,2241,25,1,55,20260104,44.0,229.5,0.0,10098.0,0.0,0.0
2242,2242,63,1,42,20260104,50.0,245.04,0.0,12252.0,0.0,0.0
2243,2243,72,1,42,20260104,29.0,401.5,0.0,11643.5,0.0,0.0
2244,2244,36,1,44,20260104,2.0,252.9,0.0,505.8,0.0,0.0
2245,2245,6,1,34,20260104,15.0,202.85,0.0,3042.75,0.0,0.0
2246,2246,82,1,41,20260104,8.0,338.29,0.0,2706.32,0.0,0.0
2247,2247,99,1,4,20260104,48.0,479.73,0.0,23027.04,0.0,0.0
2248,2248,48,1,18,20260104,19.0,228.86,0.0,4348.34,0.0,0.0
2249,2249,32,1,1,20260104,26.0,430.04,0.0,11181.04,0.0,0.0
2250,2250,38,1,59,20260104,31.0,221.14,0.0,6855.34,0.0,0.0
2251,2251,19,1,75,20260104,7.0,50.42,0.0,352.94,0.0,0.0
2252,2252,2,1,52,20260104,31.0,59.31,0.0,1838.61,0.0,0.0
2253,2253,36,1,9,20260104,7.0,389.34,0.0,2725.38,0.0,0.0
2254,2254,61,1,45,20260104,10.0,120.71,0.0,1207.1,0.0,0.0
2255,2255,100,1,39,20260104,28.0,335.44,0.0,9392.32,0.0,0.0
2256,2256,26,1,18,20260104,46.0,492.46,0.0,22653.16,0.0,0.0
2257,2257,48,1,11,20260104,38.0,239.85,0.0,9114.3,0.0,0.0
2258,2258,30,1,50,20260104,23.0,141.67,0.0,3258.41,0.0,0.0
2259,2259,42,1,44,20260104,26.0,211.94,0.0,5510.44,0.0,0.0
2260,2260,43,1,42,20260104,41.0,124.13,0.0,5089.33,0.0,0.0
2271,2271,76,1,20,20260104,27.0,124.19,0.0,3353.13,0.0,0.0
2267,2267,39,1,76,20260104,14.0,143.51,0.0,2009.14,0.0,0.0
2261,2261,42,1,18,20260104,22.0,208.28,0.0,4582.16,0.0,0.0
2272,2272,13,1,33,20260104,10.0,435.59,0.0,4355.9,0.0,0.0
2262,2262,2,1,18,20260104,5.0,86.04,0.0,430.2,0.0,0.0
2273,2273,10,1,3,20260104,12.0,316.17,0.0,3794.04,0.0,0.0
2274,2274,57,1,55,20260104,35.0,292.07,0.0,10222.45,0.0,0.0
2263,2263,39,1,12,20260104,44.0,61.66,0.0,2713.04,0.0,0.0
2268,2268,15,1,28,20260104,36.0,111.06,0.0,3998.16,0.0,0.0
2286,2286,14,1,73,20260104,10.0,237.29,0.0,2372.9,0.0,0.0
2275,2275,91,1,28,20260104,25.0,190.43,0.0,4760.75,0.0,0.0
2276,2276,25,1,54,20260104,21.0,384.56,0.0,8075.76,0.0,0.0
2264,2264,40,1,45,20260104,28.0,181.14,0.0,5071.92,0.0,0.0
2269,2269,59,1,29,20260104,35.0,405.43,0.0,14190.05,0.0,0.0
2277,2277,4,1,70,20260104,39.0,234.68,0.0,9152.52,0.0,0.0
2270,2270,28,1,33,20260104,33.0,52.69,0.0,1738.77,0.0,0.0
2265,2265,69,1,32,20260104,19.0,103.31,0.0,1962.89,0.0,0.0
2266,2266,33,1,75,20260104,18.0,79.16,0.0,1424.88,0.0,0.0
2278,2278,61,1,24,20260104,41.0,305.72,0.0,12534.52,0.0,0.0
2279,2279,69,1,21,20260104,29.0,257.34,0.0,7462.86,0.0,0.0
2280,2280,3,1,12,20260104,21.0,42.07,0.0,883.47,0.0,0.0
2281,2281,50,1,52,20260104,38.0,248.9,0.0,9458.2,0.0,0.0
2282,2282,50,1,55,20260104,43.0,166.57,0.0,7162.51,0.0,0.0
2283,2283,79,1,69,20260104,27.0,323.65,0.0,8738.55,0.0,0.0
2284,2284,41,1,3,20260104,23.0,240.65,0.0,5534.95,0.0,0.0
2285,2285,80,1,21,20260104,43.0,284.72,0.0,12242.96,0.0,0.0
2288,2288,3,1,29,20260104,34.0,88.94,0.0,3023.96,0.0,0.0
2287,2287,85,1,46,20260104,18.0,205.02,0.0,3690.36,0.0,0.0
2289,2289,75,1,11,20260104,44.0,372.34,0.0,16382.96,0.0,0.0
2290,2290,6,1,50,20260104,4.0,69.95,0.0,279.8,0.0,0.0
2291,2291,18,1,50,20260104,40.0,199.71,0.0,7988.4,0.0,0.0
2831,2831,4,1,77,20260104,40.0,373.3,0.0,14932.0,0.0,0.0
2840,2840,37,1,18,20260104,49.0,208.74,0.0,10228.26,0.0,0.0
2842,2842,14,1,41,20260104,11.0,442.14,0.0,4863.54,0.0,0.0
2846,2846,5,1,59,20260104,32.0,386.28,0.0,12360.96,0.0,0.0
2850,2850,9,1,12,20260104,21.0,93.49,0.0,1963.29,0.0,0.0
2854,2854,77,1,56,20260104,17.0,274.89,0.0,4673.13,0.0,0.0
2858,2858,18,1,63,20260104,14.0,272.2,0.0,3810.8,0.0,0.0
2861,2861,3,1,26,20260104,17.0,118.38,0.0,2012.46,0.0,0.0
2864,2864,39,1,25,20260104,45.0,384.92,0.0,17321.4,0.0,0.0
2330,2330,44,1,17,20260104,43.0,261.21,0.0,11232.03,0.0,0.0
2302,2302,100,1,24,20260104,23.0,230.72,0.0,5306.56,0.0,0.0
2311,2311,65,1,36,20260104,49.0,410.48,0.0,20113.52,0.0,0.0
2317,2317,79,1,13,20260104,38.0,361.71,0.0,13744.98,0.0,0.0
2292,2292,81,1,33,20260104,34.0,248.75,0.0,8457.5,0.0,0.0
2321,2321,73,1,24,20260104,16.0,39.27,0.0,628.32,0.0,0.0
2303,2303,24,1,56,20260104,6.0,330.89,0.0,1985.34,0.0,0.0
2293,2293,52,1,20,20260104,24.0,373.26,0.0,8958.24,0.0,0.0
2312,2312,52,1,27,20260104,48.0,467.92,0.0,22460.16,0.0,0.0
2294,2294,56,1,67,20260104,29.0,477.08,0.0,13835.32,0.0,0.0
2318,2318,44,1,43,20260104,27.0,42.3,0.0,1142.1,0.0,0.0
2304,2304,72,1,76,20260104,34.0,278.52,0.0,9469.68,0.0,0.0
2295,2295,31,1,9,20260104,48.0,361.88,0.0,17370.24,0.0,0.0
2323,2323,13,1,35,20260104,50.0,7.71,0.0,385.5,0.0,0.0
2305,2305,15,1,76,20260104,14.0,288.25,0.0,4035.5,0.0,0.0
2313,2313,99,1,64,20260104,46.0,472.49,0.0,21734.54,0.0,0.0
2296,2296,22,1,1,20260104,32.0,189.44,0.0,6062.08,0.0,0.0
2306,2306,90,1,71,20260104,46.0,138.85,0.0,6387.1,0.0,0.0
2335,2335,53,1,45,20260104,27.0,117.42,0.0,3170.34,0.0,0.0
2297,2297,53,1,19,20260104,18.0,336.21,0.0,6051.78,0.0,0.0
2307,2307,45,1,46,20260104,6.0,227.65,0.0,1365.9,0.0,0.0
2314,2314,83,1,28,20260104,48.0,88.37,0.0,4241.76,0.0,0.0
2298,2298,52,1,35,20260104,9.0,377.15,0.0,3394.35,0.0,0.0
2331,2331,40,1,73,20260104,39.0,410.12,0.0,15994.68,0.0,0.0
2319,2319,81,1,2,20260104,17.0,465.91,0.0,7920.47,0.0,0.0
2299,2299,26,1,52,20260104,49.0,210.57,0.0,10317.93,0.0,0.0
2332,2332,70,1,40,20260104,50.0,349.61,0.0,17480.5,0.0,0.0
2832,2832,42,1,61,20260104,16.0,351.95,0.0,5631.2,0.0,0.0
2308,2308,86,1,21,20260104,34.0,144.79,0.0,4922.86,0.0,0.0
2300,2300,11,1,49,20260104,40.0,464.42,0.0,18576.8,0.0,0.0
2833,2833,89,1,42,20260104,33.0,71.81,0.0,2369.73,0.0,0.0
2315,2315,35,1,44,20260104,19.0,22.13,0.0,420.47,0.0,0.0
2301,2301,1,1,53,20260104,38.0,380.32,0.0,14452.16,0.0,0.0
2309,2309,100,1,51,20260104,37.0,279.17,0.0,10329.29,0.0,0.0
2322,2322,64,1,13,20260104,48.0,253.32,0.0,12159.36,0.0,0.0
2310,2310,99,1,69,20260104,9.0,233.0,0.0,2097.0,0.0,0.0
2316,2316,48,1,23,20260104,50.0,382.22,0.0,19111.0,0.0,0.0
2328,2328,94,1,51,20260104,15.0,107.96,0.0,1619.4,0.0,0.0
2346,2346,67,1,44,20260104,47.0,312.17,0.0,14671.99,0.0,0.0
2320,2320,99,1,75,20260104,12.0,479.55,0.0,5754.6,0.0,0.0
2334,2334,68,1,55,20260104,23.0,294.35,0.0,6770.05,0.0,0.0
2324,2324,52,1,42,20260104,48.0,58.78,0.0,2821.44,0.0,0.0
2327,2327,84,1,57,20260104,37.0,402.93,0.0,14908.41,0.0,0.0
2326,2326,45,1,16,20260104,49.0,125.61,0.0,6154.89,0.0,0.0
2325,2325,16,1,45,20260104,37.0,164.08,0.0,6070.96,0.0,0.0
2333,2333,79,1,20,20260104,25.0,478.81,0.0,11970.25,0.0,0.0
2329,2329,68,1,30,20260104,16.0,428.26,0.0,6852.16,0.0,0.0
2336,2336,80,1,9,20260104,34.0,127.9,0.0,4348.6,0.0,0.0
2337,2337,66,1,20,20260104,39.0,436.14,0.0,17009.46,0.0,0.0
2338,2338,86,1,21,20260104,2.0,18.51,0.0,37.02,0.0,0.0
2339,2339,6,1,63,20260104,22.0,358.17,0.0,7879.74,0.0,0.0
2340,2340,60,1,57,20260104,9.0,316.92,0.0,2852.28,0.0,0.0
2377,2377,65,1,63,20260104,7.0,177.04,0.0,1239.28,0.0,0.0
2364,2364,10,1,9,20260104,15.0,279.98,0.0,4199.7,0.0,0.0
2347,2347,27,1,71,20260104,29.0,200.51,0.0,5814.79,0.0,0.0
2348,2348,69,1,50,20260104,42.0,314.47,0.0,13207.74,0.0,0.0
2365,2365,43,1,69,20260104,28.0,347.51,0.0,9730.28,0.0,0.0
2386,2386,60,1,21,20260104,6.0,280.5,0.0,1683.0,0.0,0.0
2349,2349,24,1,60,20260104,30.0,194.17,0.0,5825.1,0.0,0.0
2366,2366,31,1,63,20260104,5.0,289.74,0.0,1448.7,0.0,0.0
2350,2350,100,1,18,20260104,24.0,28.56,0.0,685.44,0.0,0.0
2378,2378,36,1,33,20260104,5.0,430.73,0.0,2153.65,0.0,0.0
2351,2351,86,1,77,20260104,12.0,200.74,0.0,2408.88,0.0,0.0
2352,2352,85,1,37,20260104,16.0,351.42,0.0,5622.72,0.0,0.0
2353,2353,48,1,42,20260104,34.0,339.04,0.0,11527.36,0.0,0.0
2357,2357,33,1,19,20260104,43.0,454.85,0.0,19558.55,0.0,0.0
2387,2387,3,1,41,20260104,44.0,414.32,0.0,18230.08,0.0,0.0
2379,2379,18,1,58,20260104,45.0,158.09,0.0,7114.05,0.0,0.0
2354,2354,55,1,17,20260104,32.0,134.09,0.0,4290.88,0.0,0.0
2367,2367,46,1,65,20260104,43.0,52.76,0.0,2268.68,0.0,0.0
2380,2380,44,1,56,20260104,46.0,309.48,0.0,14236.08,0.0,0.0
2355,2355,25,1,52,20260104,21.0,132.77,0.0,2788.17,0.0,0.0
2356,2356,63,1,42,20260104,11.0,17.17,0.0,188.87,0.0,0.0
2369,2369,92,1,30,20260104,33.0,372.46,0.0,12291.18,0.0,0.0
2372,2372,46,1,18,20260104,47.0,307.38,0.0,14446.86,0.0,0.0
2341,2341,78,1,56,20260104,43.0,157.17,0.0,6758.31,0.0,0.0
2359,2359,68,1,61,20260104,29.0,463.84,0.0,13451.36,0.0,0.0
2371,2371,28,1,68,20260104,45.0,444.02,0.0,19980.9,0.0,0.0
2342,2342,81,1,34,20260104,17.0,122.04,0.0,2074.68,0.0,0.0
2358,2358,99,1,4,20260104,12.0,150.55,0.0,1806.6,0.0,0.0
2389,2389,32,1,29,20260104,21.0,455.3,0.0,9561.3,0.0,0.0
2361,2361,82,1,49,20260104,48.0,102.14,0.0,4902.72,0.0,0.0
2343,2343,80,1,4,20260104,46.0,224.39,0.0,10321.94,0.0,0.0
2344,2344,94,1,2,20260104,11.0,246.57,0.0,2712.27,0.0,0.0
2373,2373,53,1,4,20260104,37.0,420.88,0.0,15572.56,0.0,0.0
2363,2363,53,1,70,20260104,21.0,266.59,0.0,5598.39,0.0,0.0
2382,2382,58,1,25,20260104,6.0,221.91,0.0,1331.46,0.0,0.0
2384,2384,38,1,47,20260104,14.0,37.59,0.0,526.26,0.0,0.0
2390,2390,38,1,14,20260104,2.0,57.18,0.0,114.36,0.0,0.0
2383,2383,93,1,34,20260104,32.0,344.08,0.0,11010.56,0.0,0.0
2374,2374,84,1,60,20260104,25.0,382.35,0.0,9558.75,0.0,0.0
2345,2345,70,1,2,20260104,32.0,20.4,0.0,652.8,0.0,0.0
2388,2388,12,1,36,20260104,23.0,375.82,0.0,8643.86,0.0,0.0
2396,2396,34,1,53,20260104,46.0,106.9,0.0,4917.4,0.0,0.0
2375,2375,98,1,45,20260104,21.0,189.44,0.0,3978.24,0.0,0.0
2362,2362,64,1,19,20260104,20.0,457.09,0.0,9141.8,0.0,0.0
2403,2403,47,1,8,20260104,30.0,176.33,0.0,5289.9,0.0,0.0
2391,2391,22,1,44,20260104,40.0,462.57,0.0,18502.8,0.0,0.0
2376,2376,15,1,25,20260104,35.0,413.64,0.0,14477.4,0.0,0.0
2397,2397,76,1,1,20260104,46.0,146.09,0.0,6720.14,0.0,0.0
2405,2405,70,1,56,20260104,4.0,156.98,0.0,627.92,0.0,0.0
2393,2393,79,1,24,20260104,38.0,64.17,0.0,2438.46,0.0,0.0
2401,2401,96,1,73,20260104,16.0,227.83,0.0,3645.28,0.0,0.0
2394,2394,48,1,63,20260104,9.0,25.12,0.0,226.08,0.0,0.0
2385,2385,57,1,10,20260104,8.0,177.87,0.0,1422.96,0.0,0.0
2402,2402,83,1,51,20260104,46.0,439.18,0.0,20202.28,0.0,0.0
2404,2404,74,1,45,20260104,12.0,27.21,0.0,326.52,0.0,0.0
2392,2392,53,1,68,20260104,38.0,349.03,0.0,13263.14,0.0,0.0
2400,2400,86,1,31,20260104,4.0,214.71,0.0,858.84,0.0,0.0
2406,2406,97,1,29,20260104,20.0,485.6,0.0,9712.0,0.0,0.0
2399,2399,75,1,72,20260104,18.0,286.1,0.0,5149.8,0.0,0.0
2398,2398,88,1,68,20260104,34.0,184.0,0.0,6256.0,0.0,0.0
2420,2420,28,1,56,20260104,45.0,498.8,0.0,22446.0,0.0,0.0
2368,2368,85,1,17,20260104,28.0,197.4,0.0,5527.2,0.0,0.0
2432,2432,16,1,43,20260104,18.0,27.49,0.0,494.82,0.0,0.0
2381,2381,88,1,49,20260104,21.0,492.04,0.0,10332.84,0.0,0.0
2370,2370,55,1,45,20260104,45.0,262.2,0.0,11799.0,0.0,0.0
2360,2360,81,1,65,20260104,38.0,119.08,0.0,4525.04,0.0,0.0
2421,2421,48,1,63,20260104,12.0,159.99,0.0,1919.88,0.0,0.0
2433,2433,74,1,25,20260104,32.0,346.39,0.0,11084.48,0.0,0.0
2395,2395,5,1,15,20260104,34.0,65.5,0.0,2227.0,0.0,0.0
2422,2422,10,1,28,20260104,4.0,227.01,0.0,908.04,0.0,0.0
2434,2434,44,1,52,20260104,47.0,371.93,0.0,17480.71,0.0,0.0
2423,2423,96,1,52,20260104,6.0,59.0,0.0,354.0,0.0,0.0
2435,2435,39,1,3,20260104,16.0,237.33,0.0,3797.28,0.0,0.0
2424,2424,12,1,42,20260104,6.0,279.02,0.0,1674.12,0.0,0.0
2436,2436,14,1,68,20260104,43.0,113.97,0.0,4900.71,0.0,0.0
2437,2437,81,1,77,20260104,40.0,319.97,0.0,12798.8,0.0,0.0
2438,2438,10,1,22,20260104,41.0,172.36,0.0,7066.76,0.0,0.0
2439,2439,15,1,35,20260104,45.0,195.63,0.0,8803.35,0.0,0.0
2440,2440,70,1,11,20260104,22.0,219.73,0.0,4834.06,0.0,0.0
2441,2441,95,1,12,20260104,24.0,159.22,0.0,3821.28,0.0,0.0
2442,2442,24,1,45,20260104,35.0,362.11,0.0,12673.85,0.0,0.0
2443,2443,92,1,13,20260104,19.0,442.67,0.0,8410.73,0.0,0.0
2444,2444,23,1,57,20260104,33.0,57.3,0.0,1890.9,0.0,0.0
2445,2445,61,1,28,20260104,38.0,215.45,0.0,8187.1,0.0,0.0
2446,2446,91,1,50,20260104,43.0,378.8,0.0,16288.4,0.0,0.0
2447,2447,74,1,14,20260104,28.0,430.55,0.0,12055.4,0.0,0.0
2448,2448,91,1,37,20260104,36.0,12.82,0.0,461.52,0.0,0.0
2449,2449,70,1,47,20260104,33.0,294.61,0.0,9722.13,0.0,0.0
2450,2450,28,1,47,20260104,29.0,354.06,0.0,10267.74,0.0,0.0
2407,2407,54,1,28,20260104,23.0,76.7,0.0,1764.1,0.0,0.0
2408,2408,49,1,68,20260104,8.0,256.53,0.0,2052.24,0.0,0.0
2465,2465,94,1,32,20260104,18.0,447.21,0.0,8049.78,0.0,0.0
2409,2409,29,1,27,20260104,8.0,338.57,0.0,2708.56,0.0,0.0
2466,2466,17,1,77,20260104,1.0,425.11,0.0,425.11,0.0,0.0
2410,2410,53,1,11,20260104,13.0,29.21,0.0,379.73,0.0,0.0
2467,2467,100,1,58,20260104,12.0,444.32,0.0,5331.84,0.0,0.0
2411,2411,30,1,47,20260104,40.0,465.89,0.0,18635.6,0.0,0.0
2468,2468,95,1,57,20260104,19.0,18.12,0.0,344.28,0.0,0.0
2412,2412,83,1,16,20260104,34.0,400.1,0.0,13603.4,0.0,0.0
2469,2469,83,1,14,20260104,33.0,7.3,0.0,240.9,0.0,0.0
2413,2413,82,1,46,20260104,49.0,227.82,0.0,11163.18,0.0,0.0
2425,2425,72,1,59,20260104,25.0,250.87,0.0,6271.75,0.0,0.0
2414,2414,54,1,39,20260104,30.0,257.79,0.0,7733.7,0.0,0.0
2426,2426,78,1,42,20260104,20.0,465.42,0.0,9308.4,0.0,0.0
2415,2415,61,1,56,20260104,10.0,334.5,0.0,3345.0,0.0,0.0
2427,2427,33,1,49,20260104,43.0,142.64,0.0,6133.52,0.0,0.0
2416,2416,6,1,27,20260104,25.0,433.79,0.0,10844.75,0.0,0.0
2428,2428,25,1,12,20260104,36.0,169.94,0.0,6117.84,0.0,0.0
2417,2417,51,1,63,20260104,27.0,489.17,0.0,13207.59,0.0,0.0
2429,2429,92,1,34,20260104,12.0,311.95,0.0,3743.4,0.0,0.0
2418,2418,11,1,64,20260104,7.0,432.46,0.0,3027.22,0.0,0.0
2430,2430,34,1,43,20260104,16.0,43.97,0.0,703.52,0.0,0.0
2419,2419,55,1,69,20260104,10.0,179.32,0.0,1793.2,0.0,0.0
2431,2431,20,1,77,20260104,7.0,430.3,0.0,3012.1,0.0,0.0
2451,2451,70,1,67,20260104,3.0,401.74,0.0,1205.22,0.0,0.0
2452,2452,56,1,49,20260104,46.0,118.17,0.0,5435.82,0.0,0.0
2453,2453,74,1,54,20260104,18.0,52.47,0.0,944.46,0.0,0.0
2454,2454,3,1,21,20260104,46.0,14.44,0.0,664.24,0.0,0.0
2455,2455,25,1,65,20260104,47.0,24.01,0.0,1128.47,0.0,0.0
2456,2456,61,1,74,20260104,7.0,276.32,0.0,1934.24,0.0,0.0
2457,2457,74,1,63,20260104,2.0,213.37,0.0,426.74,0.0,0.0
2458,2458,15,1,34,20260104,48.0,484.09,0.0,23236.32,0.0,0.0
2459,2459,62,1,54,20260104,24.0,244.68,0.0,5872.32,0.0,0.0
2460,2460,21,1,39,20260104,18.0,193.39,0.0,3481.02,0.0,0.0
2461,2461,4,1,69,20260104,48.0,372.99,0.0,17903.52,0.0,0.0
2462,2462,17,1,46,20260104,43.0,479.6,0.0,20622.8,0.0,0.0
2463,2463,85,1,77,20260104,35.0,227.0,0.0,7945.0,0.0,0.0
2464,2464,76,1,55,20260104,37.0,386.44,0.0,14298.28,0.0,0.0
2470,2470,25,1,16,20260104,48.0,106.83,0.0,5127.84,0.0,0.0
2471,2471,42,1,75,20260104,38.0,404.22,0.0,15360.36,0.0,0.0
2472,2472,55,1,23,20260104,16.0,45.12,0.0,721.92,0.0,0.0
2473,2473,62,1,31,20260104,7.0,234.49,0.0,1641.43,0.0,0.0
2474,2474,93,1,3,20260104,36.0,339.38,0.0,12217.68,0.0,0.0
2475,2475,84,1,13,20260104,32.0,481.51,0.0,15408.32,0.0,0.0
2476,2476,30,1,37,20260104,42.0,53.07,0.0,2228.94,0.0,0.0
2477,2477,64,1,9,20260104,38.0,391.39,0.0,14872.82,0.0,0.0
2478,2478,41,1,15,20260104,20.0,451.24,0.0,9024.8,0.0,0.0
2479,2479,57,1,62,20260104,4.0,132.03,0.0,528.12,0.0,0.0
2480,2480,28,1,66,20260104,41.0,471.79,0.0,19343.39,0.0,0.0
2481,2481,65,1,32,20260104,2.0,459.09,0.0,918.18,0.0,0.0
2482,2482,21,1,2,20260104,45.0,194.55,0.0,8754.75,0.0,0.0
2483,2483,60,1,56,20260104,30.0,174.77,0.0,5243.1,0.0,0.0
2484,2484,47,1,70,20260104,39.0,406.71,0.0,15861.69,0.0,0.0
2485,2485,52,1,30,20260104,2.0,214.98,0.0,429.96,0.0,0.0
2486,2486,64,1,72,20260104,43.0,496.95,0.0,21368.85,0.0,0.0
2487,2487,13,1,77,20260104,7.0,380.4,0.0,2662.8,0.0,0.0
2488,2488,96,1,35,20260104,50.0,269.59,0.0,13479.5,0.0,0.0
2489,2489,38,1,38,20260104,39.0,444.76,0.0,17345.64,0.0,0.0
2490,2490,27,1,2,20260104,48.0,39.85,0.0,1912.8,0.0,0.0
2491,2491,46,1,39,20260104,9.0,104.06,0.0,936.54,0.0,0.0
2492,2492,42,1,75,20260104,27.0,332.63,0.0,8981.01,0.0,0.0
2493,2493,42,1,69,20260104,29.0,15.49,0.0,449.21,0.0,0.0
2494,2494,65,1,9,20260104,38.0,150.68,0.0,5725.84,0.0,0.0
2495,2495,68,1,60,20260104,2.0,327.24,0.0,654.48,0.0,0.0
2496,2496,29,1,18,20260104,8.0,404.45,0.0,3235.6,0.0,0.0
2497,2497,41,1,40,20260104,29.0,31.22,0.0,905.38,0.0,0.0
2498,2498,69,1,65,20260104,39.0,213.36,0.0,8321.04,0.0,0.0
2499,2499,35,1,21,20260104,13.0,498.85,0.0,6485.05,0.0,0.0
2500,2500,41,1,65,20260104,22.0,35.09,0.0,771.98,0.0,0.0
2501,2501,68,1,76,20260104,45.0,46.18,0.0,2078.1,0.0,0.0
2502,2502,6,1,2,20260104,9.0,347.14,0.0,3124.26,0.0,0.0
2503,2503,99,1,54,20260104,38.0,437.66,0.0,16631.08,0.0,0.0
2504,2504,25,1,28,20260104,20.0,391.85,0.0,7837.0,0.0,0.0
2505,2505,58,1,65,20260104,43.0,439.4,0.0,18894.2,0.0,0.0
2506,2506,59,1,26,20260104,42.0,480.9,0.0,20197.8,0.0,0.0
2507,2507,29,1,64,20260104,17.0,353.71,0.0,6013.07,0.0,0.0
2508,2508,33,1,52,20260104,9.0,267.37,0.0,2406.33,0.0,0.0
2509,2509,47,1,5,20260104,26.0,249.0,0.0,6474.0,0.0,0.0
2510,2510,39,1,25,20260104,6.0,151.37,0.0,908.22,0.0,0.0
2511,2511,100,1,30,20260104,50.0,311.46,0.0,15573.0,0.0,0.0
2512,2512,94,1,38,20260104,50.0,200.65,0.0,10032.5,0.0,0.0
2513,2513,2,1,6,20260104,47.0,52.43,0.0,2464.21,0.0,0.0
2514,2514,48,1,51,20260104,37.0,283.79,0.0,10500.23,0.0,0.0
2515,2515,47,1,48,20260104,33.0,330.24,0.0,10897.92,0.0,0.0
2516,2516,100,1,20,20260104,21.0,120.85,0.0,2537.85,0.0,0.0
2517,2517,50,1,3,20260104,3.0,278.33,0.0,834.99,0.0,0.0
2518,2518,79,1,72,20260104,40.0,39.18,0.0,1567.2,0.0,0.0
2519,2519,15,1,48,20260104,22.0,263.22,0.0,5790.84,0.0,0.0
2520,2520,24,1,74,20260104,30.0,382.89,0.0,11486.7,0.0,0.0
2521,2521,92,1,19,20260104,31.0,354.22,0.0,10980.82,0.0,0.0
2522,2522,9,1,72,20260104,41.0,256.74,0.0,10526.34,0.0,0.0
2523,2523,26,1,57,20260104,4.0,211.82,0.0,847.28,0.0,0.0
2524,2524,55,1,44,20260104,43.0,475.68,0.0,20454.24,0.0,0.0
2525,2525,100,1,12,20260104,42.0,137.07,0.0,5756.94,0.0,0.0
2526,2526,93,1,55,20260104,45.0,133.65,0.0,6014.25,0.0,0.0
2527,2527,87,1,32,20260104,48.0,318.94,0.0,15309.12,0.0,0.0
2528,2528,91,1,60,20260104,28.0,295.41,0.0,8271.48,0.0,0.0
2529,2529,82,1,5,20260104,45.0,213.48,0.0,9606.6,0.0,0.0
2530,2530,94,1,4,20260104,29.0,456.47,0.0,13237.63,0.0,0.0
2531,2531,85,1,40,20260104,40.0,252.37,0.0,10094.8,0.0,0.0
2532,2532,58,1,67,20260104,5.0,257.18,0.0,1285.9,0.0,0.0
2533,2533,67,1,41,20260104,13.0,139.18,0.0,1809.34,0.0,0.0
2534,2534,23,1,52,20260104,46.0,239.08,0.0,10997.68,0.0,0.0
2535,2535,41,1,5,20260104,20.0,147.75,0.0,2955.0,0.0,0.0
2536,2536,34,1,57,20260104,17.0,259.57,0.0,4412.69,0.0,0.0
2537,2537,1,1,39,20260104,2.0,287.91,0.0,575.82,0.0,0.0
2538,2538,74,1,10,20260104,26.0,94.2,0.0,2449.2,0.0,0.0
2539,2539,66,1,49,20260104,35.0,101.29,0.0,3545.15,0.0,0.0
2540,2540,6,1,58,20260104,8.0,467.68,0.0,3741.44,0.0,0.0
2541,2541,18,1,27,20260104,14.0,389.15,0.0,5448.1,0.0,0.0
2542,2542,85,1,74,20260104,17.0,72.21,0.0,1227.57,0.0,0.0
2543,2543,15,1,10,20260104,29.0,364.53,0.0,10571.37,0.0,0.0
2544,2544,80,1,49,20260104,35.0,382.84,0.0,13399.4,0.0,0.0
2545,2545,37,1,1,20260104,34.0,123.67,0.0,4204.78,0.0,0.0
2546,2546,34,1,49,20260104,2.0,129.73,0.0,259.46,0.0,0.0
2547,2547,29,1,73,20260104,25.0,14.7,0.0,367.5,0.0,0.0
2548,2548,3,1,57,20260104,47.0,87.88,0.0,4130.36,0.0,0.0
2549,2549,63,1,65,20260104,38.0,379.74,0.0,14430.12,0.0,0.0
2550,2550,22,1,19,20260104,35.0,166.39,0.0,5823.65,0.0,0.0
2551,2551,47,1,43,20260104,36.0,127.19,0.0,4578.84,0.0,0.0
2552,2552,20,1,56,20260104,27.0,224.47,0.0,6060.69,0.0,0.0
2553,2553,31,1,13,20260104,45.0,367.28,0.0,16527.6,0.0,0.0
2554,2554,50,1,58,20260104,35.0,80.2,0.0,2807.0,0.0,0.0
2555,2555,57,1,14,20260104,48.0,186.49,0.0,8951.52,0.0,0.0
2556,2556,38,1,20,20260104,13.0,99.97,0.0,1299.61,0.0,0.0
2557,2557,75,1,61,20260104,49.0,417.65,0.0,20464.85,0.0,0.0
2558,2558,61,1,60,20260104,30.0,140.86,0.0,4225.8,0.0,0.0
2559,2559,67,1,50,20260104,39.0,272.85,0.0,10641.15,0.0,0.0
2560,2560,43,1,40,20260104,37.0,380.87,0.0,14092.19,0.0,0.0
2561,2561,94,1,37,20260104,5.0,227.47,0.0,1137.35,0.0,0.0
2562,2562,20,1,54,20260104,32.0,363.65,0.0,11636.8,0.0,0.0
2563,2563,91,1,62,20260104,28.0,495.95,0.0,13886.6,0.0,0.0
2564,2564,32,1,55,20260104,19.0,431.48,0.0,8198.12,0.0,0.0
2565,2565,77,1,58,20260104,28.0,241.1,0.0,6750.8,0.0,0.0
2566,2566,82,1,5,20260104,7.0,105.85,0.0,740.95,0.0,0.0
2567,2567,60,1,19,20260104,44.0,165.24,0.0,7270.56,0.0,0.0
2568,2568,40,1,54,20260104,29.0,214.53,0.0,6221.37,0.0,0.0
2569,2569,13,1,2,20260104,24.0,316.42,0.0,7594.08,0.0,0.0
2570,2570,62,1,38,20260104,42.0,183.53,0.0,7708.26,0.0,0.0
2571,2571,73,1,26,20260104,29.0,232.49,0.0,6742.21,0.0,0.0
2572,2572,32,1,63,20260104,16.0,177.33,0.0,2837.28,0.0,0.0
2573,2573,22,1,68,20260104,30.0,43.71,0.0,1311.3,0.0,0.0
2574,2574,74,1,62,20260104,33.0,222.43,0.0,7340.19,0.0,0.0
2575,2575,94,1,10,20260104,7.0,69.0,0.0,483.0,0.0,0.0
2576,2576,56,1,16,20260104,47.0,491.62,0.0,23106.14,0.0,0.0
2577,2577,22,1,30,20260104,49.0,97.97,0.0,4800.53,0.0,0.0
2578,2578,65,1,2,20260104,12.0,97.65,0.0,1171.8,0.0,0.0
2579,2579,30,1,49,20260104,22.0,423.57,0.0,9318.54,0.0,0.0
2580,2580,49,1,23,20260104,26.0,91.23,0.0,2371.98,0.0,0.0
2581,2581,63,1,64,20260104,40.0,122.18,0.0,4887.2,0.0,0.0
2582,2582,72,1,56,20260104,45.0,339.58,0.0,15281.1,0.0,0.0
2583,2583,75,1,48,20260104,29.0,415.47,0.0,12048.63,0.0,0.0
2584,2584,25,1,39,20260104,41.0,408.18,0.0,16735.38,0.0,0.0
2585,2585,39,1,34,20260104,34.0,334.47,0.0,11371.98,0.0,0.0
2586,2586,29,1,67,20260104,19.0,79.73,0.0,1514.87,0.0,0.0
2587,2587,68,1,9,20260104,9.0,103.77,0.0,933.93,0.0,0.0
2588,2588,68,1,51,20260104,26.0,28.7,0.0,746.2,0.0,0.0
2589,2589,13,1,5,20260104,26.0,6.54,0.0,170.04,0.0,0.0
2590,2590,85,1,29,20260104,3.0,49.94,0.0,149.82,0.0,0.0
2591,2591,53,1,66,20260104,23.0,28.59,0.0,657.57,0.0,0.0
2592,2592,63,1,18,20260104,28.0,438.66,0.0,12282.48,0.0,0.0
2593,2593,84,1,30,20260104,24.0,223.1,0.0,5354.4,0.0,0.0
2594,2594,93,1,41,20260104,23.0,453.26,0.0,10424.98,0.0,0.0
2595,2595,74,1,17,20260104,10.0,127.88,0.0,1278.8,0.0,0.0
2596,2596,38,1,18,20260104,46.0,78.6,0.0,3615.6,0.0,0.0
2597,2597,21,1,51,20260104,5.0,41.32,0.0,206.6,0.0,0.0
2598,2598,35,1,72,20260104,48.0,226.51,0.0,10872.48,0.0,0.0
2599,2599,82,1,36,20260104,10.0,409.95,0.0,4099.5,0.0,0.0
2600,2600,97,1,58,20260104,22.0,108.77,0.0,2392.94,0.0,0.0
2601,2601,23,1,58,20260104,14.0,128.59,0.0,1800.26,0.0,0.0
2602,2602,6,1,31,20260104,2.0,89.69,0.0,179.38,0.0,0.0
2603,2603,83,1,36,20260104,46.0,236.48,0.0,10878.08,0.0,0.0
2604,2604,99,1,72,20260104,31.0,8.82,0.0,273.42,0.0,0.0
2605,2605,7,1,72,20260104,48.0,155.24,0.0,7451.52,0.0,0.0
2606,2606,99,1,32,20260104,21.0,310.09,0.0,6511.89,0.0,0.0
2607,2607,70,1,14,20260104,49.0,200.49,0.0,9824.01,0.0,0.0
2608,2608,96,1,48,20260104,39.0,269.38,0.0,10505.82,0.0,0.0
2609,2609,40,1,47,20260104,41.0,279.89,0.0,11475.49,0.0,0.0
2610,2610,45,1,77,20260104,29.0,215.97,0.0,6263.13,0.0,0.0
2611,2611,73,1,47,20260104,25.0,390.09,0.0,9752.25,0.0,0.0
2612,2612,17,1,43,20260104,30.0,487.27,0.0,14618.1,0.0,0.0
2613,2613,34,1,30,20260104,41.0,189.38,0.0,7764.58,0.0,0.0
2614,2614,62,1,70,20260104,32.0,351.24,0.0,11239.68,0.0,0.0
2615,2615,72,1,23,20260104,32.0,338.23,0.0,10823.36,0.0,0.0
2616,2616,62,1,13,20260104,38.0,77.44,0.0,2942.72,0.0,0.0
2617,2617,23,1,73,20260104,27.0,225.03,0.0,6075.81,0.0,0.0
2618,2618,100,1,15,20260104,22.0,452.29,0.0,9950.38,0.0,0.0
2619,2619,99,1,19,20260104,7.0,485.96,0.0,3401.72,0.0,0.0
2620,2620,43,1,16,20260104,36.0,158.37,0.0,5701.32,0.0,0.0
2621,2621,20,1,64,20260104,43.0,237.19,0.0,10199.17,0.0,0.0
2622,2622,97,1,50,20260104,30.0,181.32,0.0,5439.6,0.0,0.0
2623,2623,32,1,19,20260104,41.0,249.59,0.0,10233.19,0.0,0.0
2624,2624,86,1,38,20260104,37.0,329.87,0.0,12205.19,0.0,0.0
2625,2625,38,1,8,20260104,20.0,450.36,0.0,9007.2,0.0,0.0
2626,2626,9,1,48,20260104,43.0,45.96,0.0,1976.28,0.0,0.0
2627,2627,49,1,44,20260104,32.0,358.54,0.0,11473.28,0.0,0.0
2628,2628,55,1,43,20260104,7.0,335.67,0.0,2349.69,0.0,0.0
2629,2629,94,1,39,20260104,30.0,232.94,0.0,6988.2,0.0,0.0
2630,2630,3,1,41,20260104,9.0,92.4,0.0,831.6,0.0,0.0
2631,2631,28,1,68,20260104,36.0,132.48,0.0,4769.28,0.0,0.0
2632,2632,10,1,4,20260104,13.0,94.7,0.0,1231.1,0.0,0.0
2633,2633,83,1,63,20260104,29.0,377.14,0.0,10937.06,0.0,0.0
2634,2634,10,1,46,20260104,49.0,254.44,0.0,12467.56,0.0,0.0
2635,2635,8,1,71,20260104,2.0,287.88,0.0,575.76,0.0,0.0
2636,2636,39,1,44,20260104,18.0,411.07,0.0,7399.26,0.0,0.0
2637,2637,33,1,14,20260104,11.0,442.4,0.0,4866.4,0.0,0.0
2638,2638,11,1,40,20260104,20.0,345.62,0.0,6912.4,0.0,0.0
2639,2639,53,1,12,20260104,19.0,338.27,0.0,6427.13,0.0,0.0
2640,2640,35,1,32,20260104,9.0,167.62,0.0,1508.58,0.0,0.0
2641,2641,68,1,28,20260104,35.0,177.09,0.0,6198.15,0.0,0.0
2642,2642,94,1,26,20260104,10.0,69.89,0.0,698.9,0.0,0.0
2643,2643,65,1,1,20260104,41.0,10.43,0.0,427.63,0.0,0.0
2644,2644,73,1,32,20260104,50.0,14.05,0.0,702.5,0.0,0.0
2645,2645,96,1,57,20260104,35.0,76.29,0.0,2670.15,0.0,0.0
2646,2646,14,1,17,20260104,15.0,105.04,0.0,1575.6,0.0,0.0
2647,2647,85,1,56,20260104,8.0,200.31,0.0,1602.48,0.0,0.0
2648,2648,33,1,47,20260104,18.0,348.05,0.0,6264.9,0.0,0.0
2649,2649,79,1,62,20260104,27.0,357.03,0.0,9639.81,0.0,0.0
2650,2650,9,1,53,20260104,48.0,217.44,0.0,10437.12,0.0,0.0
2651,2651,65,1,8,20260104,19.0,467.89,0.0,8889.91,0.0,0.0
2652,2652,28,1,7,20260104,32.0,407.11,0.0,13027.52,0.0,0.0
2653,2653,4,1,26,20260104,35.0,129.45,0.0,4530.75,0.0,0.0
2654,2654,95,1,20,20260104,32.0,54.8,0.0,1753.6,0.0,0.0
2655,2655,77,1,63,20260104,28.0,492.18,0.0,13781.04,0.0,0.0
2656,2656,53,1,3,20260104,23.0,255.16,0.0,5868.68,0.0,0.0
2657,2657,88,1,42,20260104,40.0,410.43,0.0,16417.2,0.0,0.0
2658,2658,84,1,1,20260104,37.0,473.32,0.0,17512.84,0.0,0.0
2659,2659,84,1,42,20260104,36.0,171.01,0.0,6156.36,0.0,0.0
2660,2660,43,1,71,20260104,13.0,208.87,0.0,2715.31,0.0,0.0
2661,2661,21,1,21,20260104,44.0,309.76,0.0,13629.44,0.0,0.0
2662,2662,24,1,11,20260104,17.0,491.71,0.0,8359.07,0.0,0.0
2663,2663,62,1,60,20260104,21.0,128.92,0.0,2707.32,0.0,0.0
2664,2664,95,1,38,20260104,22.0,290.23,0.0,6385.06,0.0,0.0
2665,2665,12,1,41,20260104,36.0,274.32,0.0,9875.52,0.0,0.0
2666,2666,30,1,18,20260104,11.0,109.27,0.0,1201.97,0.0,0.0
2667,2667,86,1,45,20260104,44.0,219.02,0.0,9636.88,0.0,0.0
2668,2668,9,1,12,20260104,10.0,471.3,0.0,4713.0,0.0,0.0
2669,2669,79,1,23,20260104,21.0,275.8,0.0,5791.8,0.0,0.0
2670,2670,95,1,72,20260104,37.0,477.12,0.0,17653.44,0.0,0.0
2671,2671,1,1,10,20260104,23.0,120.76,0.0,2777.48,0.0,0.0
2672,2672,52,1,48,20260104,48.0,439.57,0.0,21099.36,0.0,0.0
2673,2673,50,1,11,20260104,22.0,260.93,0.0,5740.46,0.0,0.0
2674,2674,100,1,73,20260104,8.0,205.03,0.0,1640.24,0.0,0.0
2675,2675,63,1,76,20260104,44.0,258.97,0.0,11394.68,0.0,0.0
2676,2676,29,1,30,20260104,36.0,246.62,0.0,8878.32,0.0,0.0
2677,2677,41,1,48,20260104,29.0,496.33,0.0,14393.57,0.0,0.0
2678,2678,37,1,11,20260104,8.0,446.52,0.0,3572.16,0.0,0.0
2679,2679,42,1,27,20260104,1.0,479.68,0.0,479.68,0.0,0.0
2680,2680,81,1,10,20260104,43.0,135.5,0.0,5826.5,0.0,0.0
2681,2681,88,1,13,20260104,49.0,250.95,0.0,12296.55,0.0,0.0
2682,2682,14,1,14,20260104,11.0,279.28,0.0,3072.08,0.0,0.0
2683,2683,73,1,12,20260104,20.0,136.04,0.0,2720.8,0.0,0.0
2684,2684,100,1,25,20260104,39.0,395.66,0.0,15430.74,0.0,0.0
2685,2685,31,1,26,20260104,6.0,227.59,0.0,1365.54,0.0,0.0
2686,2686,95,1,40,20260104,17.0,304.99,0.0,5184.83,0.0,0.0
2687,2687,65,1,30,20260104,38.0,219.87,0.0,8355.06,0.0,0.0
2688,2688,51,1,68,20260104,4.0,182.89,0.0,731.56,0.0,0.0
2689,2689,82,1,29,20260104,23.0,251.85,0.0,5792.55,0.0,0.0
2690,2690,16,1,73,20260104,25.0,7.08,0.0,177.0,0.0,0.0
2691,2691,47,1,71,20260104,36.0,280.0,0.0,10080.0,0.0,0.0
2692,2692,19,1,37,20260104,36.0,20.29,0.0,730.44,0.0,0.0
2693,2693,31,1,70,20260104,26.0,41.2,0.0,1071.2,0.0,0.0
2694,2694,99,1,67,20260104,11.0,294.49,0.0,3239.39,0.0,0.0
2695,2695,91,1,41,20260104,35.0,282.31,0.0,9880.85,0.0,0.0
2696,2696,95,1,5,20260104,15.0,125.57,0.0,1883.55,0.0,0.0
2697,2697,80,1,38,20260104,21.0,426.77,0.0,8962.17,0.0,0.0
2698,2698,6,1,13,20260104,35.0,466.51,0.0,16327.85,0.0,0.0
2699,2699,98,1,77,20260104,24.0,441.44,0.0,10594.56,0.0,0.0
2700,2700,27,1,34,20260104,6.0,133.68,0.0,802.08,0.0,0.0
2701,2701,94,1,13,20260104,28.0,420.72,0.0,11780.16,0.0,0.0
2702,2702,71,1,50,20260104,26.0,380.75,0.0,9899.5,0.0,0.0
2703,2703,57,1,1,20260104,23.0,11.83,0.0,272.09,0.0,0.0
2704,2704,57,1,55,20260104,33.0,472.63,0.0,15596.79,0.0,0.0
2705,2705,95,1,53,20260104,6.0,241.86,0.0,1451.16,0.0,0.0
2706,2706,71,1,2,20260104,10.0,211.19,0.0,2111.9,0.0,0.0
2707,2707,81,1,48,20260104,23.0,159.95,0.0,3678.85,0.0,0.0
2708,2708,79,1,76,20260104,15.0,148.99,0.0,2234.85,0.0,0.0
2709,2709,97,1,24,20260104,49.0,289.26,0.0,14173.74,0.0,0.0
2710,2710,23,1,26,20260104,24.0,259.23,0.0,6221.52,0.0,0.0
2711,2711,13,1,60,20260104,35.0,46.95,0.0,1643.25,0.0,0.0
2712,2712,63,1,16,20260104,47.0,286.99,0.0,13488.53,0.0,0.0
2713,2713,42,1,1,20260104,3.0,262.26,0.0,786.78,0.0,0.0
2714,2714,77,1,62,20260104,43.0,131.56,0.0,5657.08,0.0,0.0
2715,2715,54,1,26,20260104,42.0,224.94,0.0,9447.48,0.0,0.0
2716,2716,69,1,68,20260104,45.0,363.93,0.0,16376.85,0.0,0.0
2717,2717,14,1,66,20260104,44.0,126.24,0.0,5554.56,0.0,0.0
2718,2718,41,1,65,20260104,19.0,444.71,0.0,8449.49,0.0,0.0
2719,2719,40,1,56,20260104,47.0,5.9,0.0,277.3,0.0,0.0
2720,2720,60,1,44,20260104,5.0,275.99,0.0,1379.95,0.0,0.0
2721,2721,74,1,24,20260104,35.0,314.71,0.0,11014.85,0.0,0.0
2722,2722,40,1,27,20260104,40.0,44.81,0.0,1792.4,0.0,0.0
2723,2723,35,1,12,20260104,25.0,13.37,0.0,334.25,0.0,0.0
2724,2724,55,1,51,20260104,17.0,281.97,0.0,4793.49,0.0,0.0
2725,2725,73,1,38,20260104,42.0,291.84,0.0,12257.28,0.0,0.0
2726,2726,38,1,13,20260104,27.0,15.18,0.0,409.86,0.0,0.0
2727,2727,75,1,62,20260104,6.0,149.67,0.0,898.02,0.0,0.0
2728,2728,60,1,3,20260104,4.0,103.7,0.0,414.8,0.0,0.0
2729,2729,3,1,48,20260104,5.0,405.51,0.0,2027.55,0.0,0.0
2730,2730,68,1,53,20260104,19.0,9.27,0.0,176.13,0.0,0.0
2732,2732,51,1,62,20260104,32.0,369.39,0.0,11820.48,0.0,0.0
2733,2733,11,1,45,20260104,3.0,185.12,0.0,555.36,0.0,0.0
2734,2734,57,1,77,20260104,46.0,321.8,0.0,14802.8,0.0,0.0
2735,2735,83,1,75,20260104,13.0,141.45,0.0,1838.85,0.0,0.0
2736,2736,13,1,76,20260104,26.0,193.23,0.0,5023.98,0.0,0.0
2737,2737,17,1,13,20260104,45.0,460.59,0.0,20726.55,0.0,0.0
2738,2738,35,1,53,20260104,39.0,121.08,0.0,4722.12,0.0,0.0
2731,2731,67,1,72,20260104,1.0,73.66,0.0,73.66,0.0,0.0
2739,2739,5,1,45,20260104,29.0,391.31,0.0,11347.99,0.0,0.0
2740,2740,94,1,24,20260104,1.0,489.7,0.0,489.7,0.0,0.0
2741,2741,88,1,1,20260104,21.0,255.97,0.0,5375.37,0.0,0.0
2742,2742,58,1,63,20260104,17.0,361.39,0.0,6143.63,0.0,0.0
2743,2743,54,1,54,20260104,42.0,26.48,0.0,1112.16,0.0,0.0
2744,2744,58,1,51,20260104,19.0,215.65,0.0,4097.35,0.0,0.0
2745,2745,37,1,67,20260104,11.0,329.32,0.0,3622.52,0.0,0.0
2746,2746,83,1,25,20260104,8.0,42.8,0.0,342.4,0.0,0.0
2747,2747,51,1,2,20260104,10.0,106.27,0.0,1062.7,0.0,0.0
2748,2748,75,1,54,20260104,38.0,218.55,0.0,8304.9,0.0,0.0
2749,2749,61,1,77,20260104,31.0,86.14,0.0,2670.34,0.0,0.0
2750,2750,43,1,27,20260104,15.0,424.0,0.0,6360.0,0.0,0.0
2751,2751,6,1,5,20260104,20.0,295.91,0.0,5918.2,0.0,0.0
2752,2752,77,1,66,20260104,30.0,163.85,0.0,4915.5,0.0,0.0
2753,2753,95,1,56,20260104,29.0,315.53,0.0,9150.37,0.0,0.0
2754,2754,47,1,12,20260104,7.0,54.88,0.0,384.16,0.0,0.0
2755,2755,87,1,42,20260104,26.0,210.07,0.0,5461.82,0.0,0.0
2756,2756,74,1,20,20260104,40.0,289.3,0.0,11572.0,0.0,0.0
2757,2757,85,1,34,20260104,35.0,104.1,0.0,3643.5,0.0,0.0
2758,2758,40,1,36,20260104,49.0,195.15,0.0,9562.35,0.0,0.0
2759,2759,77,1,39,20260104,45.0,165.89,0.0,7465.05,0.0,0.0
2760,2760,9,1,68,20260104,29.0,471.68,0.0,13678.72,0.0,0.0
2761,2761,41,1,28,20260104,42.0,284.2,0.0,11936.4,0.0,0.0
2762,2762,92,1,17,20260104,31.0,40.95,0.0,1269.45,0.0,0.0
2763,2763,28,1,55,20260104,20.0,159.56,0.0,3191.2,0.0,0.0
2764,2764,10,1,28,20260104,20.0,54.26,0.0,1085.2,0.0,0.0
2765,2765,44,1,48,20260104,8.0,409.37,0.0,3274.96,0.0,0.0
2766,2766,70,1,64,20260104,26.0,152.0,0.0,3952.0,0.0,0.0
2767,2767,5,1,33,20260104,15.0,273.27,0.0,4099.05,0.0,0.0
2768,2768,49,1,54,20260104,31.0,321.59,0.0,9969.29,0.0,0.0
2769,2769,71,1,56,20260104,21.0,242.46,0.0,5091.66,0.0,0.0
2770,2770,79,1,39,20260104,2.0,219.65,0.0,439.3,0.0,0.0
2771,2771,57,1,66,20260104,46.0,160.97,0.0,7404.62,0.0,0.0
2772,2772,35,1,72,20260104,9.0,62.21,0.0,559.89,0.0,0.0
2773,2773,10,1,4,20260104,7.0,385.93,0.0,2701.51,0.0,0.0
2774,2774,9,1,17,20260104,14.0,258.66,0.0,3621.24,0.0,0.0
2775,2775,17,1,36,20260104,42.0,249.0,0.0,10458.0,0.0,0.0
2776,2776,88,1,72,20260104,35.0,406.78,0.0,14237.3,0.0,0.0
2777,2777,51,1,58,20260104,41.0,308.96,0.0,12667.36,0.0,0.0
2778,2778,100,1,30,20260104,26.0,310.22,0.0,8065.72,0.0,0.0
2779,2779,14,1,27,20260104,46.0,324.25,0.0,14915.5,0.0,0.0
2780,2780,29,1,51,20260104,10.0,180.22,0.0,1802.2,0.0,0.0
2781,2781,25,1,34,20260104,23.0,496.68,0.0,11423.64,0.0,0.0
2782,2782,36,1,15,20260104,24.0,355.99,0.0,8543.76,0.0,0.0
2783,2783,1,1,72,20260104,22.0,164.12,0.0,3610.64,0.0,0.0
2784,2784,85,1,76,20260104,36.0,135.93,0.0,4893.48,0.0,0.0
2785,2785,11,1,29,20260104,10.0,106.22,0.0,1062.2,0.0,0.0
2786,2786,21,1,55,20260104,31.0,437.26,0.0,13555.06,0.0,0.0
2787,2787,89,1,71,20260104,13.0,464.98,0.0,6044.74,0.0,0.0
2788,2788,37,1,70,20260104,26.0,54.44,0.0,1415.44,0.0,0.0
2789,2789,14,1,16,20260104,50.0,90.03,0.0,4501.5,0.0,0.0
2790,2790,83,1,29,20260104,48.0,63.22,0.0,3034.56,0.0,0.0
2791,2791,40,1,52,20260104,47.0,83.78,0.0,3937.66,0.0,0.0
2792,2792,62,1,9,20260104,49.0,426.02,0.0,20874.98,0.0,0.0
2793,2793,73,1,72,20260104,24.0,427.04,0.0,10248.96,0.0,0.0
2794,2794,73,1,32,20260104,15.0,220.57,0.0,3308.55,0.0,0.0
2795,2795,1,1,15,20260104,38.0,150.66,0.0,5725.08,0.0,0.0
2796,2796,74,1,20,20260104,27.0,135.32,0.0,3653.64,0.0,0.0
2797,2797,6,1,33,20260104,12.0,337.14,0.0,4045.68,0.0,0.0
2798,2798,58,1,19,20260104,21.0,457.3,0.0,9603.3,0.0,0.0
2799,2799,17,1,70,20260104,23.0,452.15,0.0,10399.45,0.0,0.0
2800,2800,5,1,66,20260104,47.0,160.22,0.0,7530.34,0.0,0.0
2801,2801,84,1,56,20260104,34.0,84.91,0.0,2886.94,0.0,0.0
2802,2802,60,1,14,20260104,44.0,349.05,0.0,15358.2,0.0,0.0
2803,2803,45,1,66,20260104,20.0,254.79,0.0,5095.8,0.0,0.0
2804,2804,56,1,25,20260104,16.0,227.96,0.0,3647.36,0.0,0.0
2805,2805,18,1,64,20260104,48.0,445.77,0.0,21396.96,0.0,0.0
2806,2806,74,1,58,20260104,45.0,24.45,0.0,1100.25,0.0,0.0
2807,2807,24,1,66,20260104,12.0,261.75,0.0,3141.0,0.0,0.0
2808,2808,97,1,1,20260104,42.0,249.27,0.0,10469.34,0.0,0.0
2809,2809,45,1,62,20260104,16.0,22.61,0.0,361.76,0.0,0.0
2810,2810,77,1,2,20260104,37.0,54.73,0.0,2025.01,0.0,0.0
2811,2811,98,1,59,20260104,21.0,42.95,0.0,901.95,0.0,0.0
2812,2812,16,1,62,20260104,27.0,165.08,0.0,4457.16,0.0,0.0
2813,2813,38,1,19,20260104,34.0,357.85,0.0,12166.9,0.0,0.0
2814,2814,97,1,26,20260104,25.0,119.22,0.0,2980.5,0.0,0.0
2815,2815,40,1,43,20260104,10.0,380.61,0.0,3806.1,0.0,0.0
2816,2816,85,1,64,20260104,34.0,102.45,0.0,3483.3,0.0,0.0
2817,2817,44,1,36,20260104,36.0,316.81,0.0,11405.16,0.0,0.0
2818,2818,4,1,43,20260104,11.0,223.02,0.0,2453.22,0.0,0.0
2819,2819,39,1,15,20260104,6.0,368.05,0.0,2208.3,0.0,0.0
2820,2820,34,1,45,20260104,35.0,169.45,0.0,5930.75,0.0,0.0
2834,2834,81,1,54,20260104,24.0,73.6,0.0,1766.4,0.0,0.0
2836,2836,40,1,45,20260104,2.0,176.85,0.0,353.7,0.0,0.0
2843,2843,48,1,40,20260104,24.0,424.19,0.0,10180.56,0.0,0.0
2847,2847,66,1,9,20260104,22.0,177.54,0.0,3905.88,0.0,0.0
2851,2851,23,1,75,20260104,7.0,367.84,0.0,2574.88,0.0,0.0
2855,2855,30,1,77,20260104,26.0,208.89,0.0,5431.14,0.0,0.0
2859,2859,50,1,66,20260104,48.0,302.74,0.0,14531.52,0.0,0.0
2862,2862,52,1,64,20260104,50.0,457.75,0.0,22887.5,0.0,0.0
2865,2865,68,1,47,20260104,26.0,155.58,0.0,4045.08,0.0,0.0
2867,2867,68,1,72,20260104,24.0,313.0,0.0,7512.0,0.0,0.0
2869,2869,80,1,19,20260104,31.0,104.6,0.0,3242.6,0.0,0.0
2871,2871,6,1,43,20260104,29.0,130.26,0.0,3777.54,0.0,0.0
2873,2873,37,1,20,20260104,36.0,285.47,0.0,10276.92,0.0,0.0
2875,2875,20,1,11,20260104,17.0,309.3,0.0,5258.1,0.0,0.0
2877,2877,21,1,55,20260104,12.0,174.73,0.0,2096.76,0.0,0.0
2879,2879,100,1,18,20260104,26.0,303.19,0.0,7882.94,0.0,0.0
2881,2881,41,1,77,20260104,38.0,90.92,0.0,3454.96,0.0,0.0
2883,2883,42,1,27,20260104,1.0,259.15,0.0,259.15,0.0,0.0
2885,2885,1,1,16,20260104,18.0,274.79,0.0,4946.22,0.0,0.0
2887,2887,48,1,31,20260104,25.0,325.07,0.0,8126.75,0.0,0.0
2889,2889,90,1,5,20260104,45.0,452.08,0.0,20343.6,0.0,0.0
2891,2891,45,1,61,20260104,29.0,67.41,0.0,1954.89,0.0,0.0
2893,2893,70,1,31,20260104,21.0,210.68,0.0,4424.28,0.0,0.0
2895,2895,42,1,61,20260104,4.0,240.37,0.0,961.48,0.0,0.0
2897,2897,90,1,71,20260104,6.0,66.5,0.0,399.0,0.0,0.0
2899,2899,87,1,13,20260104,33.0,291.72,0.0,9626.76,0.0,0.0
2901,2901,75,1,76,20260104,6.0,359.89,0.0,2159.34,0.0,0.0
2903,2903,95,1,49,20260104,12.0,19.93,0.0,239.16,0.0,0.0
2905,2905,71,1,50,20260104,11.0,29.67,0.0,326.37,0.0,0.0
2914,2914,35,1,23,20260104,21.0,182.26,0.0,3827.46,0.0,0.0
2921,2921,11,1,40,20260104,25.0,277.42,0.0,6935.5,0.0,0.0
2922,2922,53,1,18,20260104,3.0,114.16,0.0,342.48,0.0,0.0
2923,2923,99,1,6,20260104,37.0,453.37,0.0,16774.69,0.0,0.0
2924,2924,10,1,64,20260104,36.0,281.42,0.0,10131.12,0.0,0.0
2925,2925,41,1,52,20260104,12.0,74.23,0.0,890.76,0.0,0.0
2926,2926,10,1,56,20260104,15.0,230.27,0.0,3454.05,0.0,0.0
2927,2927,90,1,73,20260104,6.0,425.35,0.0,2552.1,0.0,0.0
2928,2928,59,1,50,20260104,37.0,202.06,0.0,7476.22,0.0,0.0
2929,2929,89,1,54,20260104,14.0,285.56,0.0,3997.84,0.0,0.0
2930,2930,18,1,62,20260104,5.0,107.15,0.0,535.75,0.0,0.0
2931,2931,41,1,35,20260104,50.0,287.62,0.0,14381.0,0.0,0.0
2932,2932,59,1,22,20260104,44.0,437.61,0.0,19254.84,0.0,0.0
2933,2933,8,1,43,20260104,5.0,280.12,0.0,1400.6,0.0,0.0
2934,2934,26,1,66,20260104,15.0,177.23,0.0,2658.45,0.0,0.0
2935,2935,39,1,50,20260104,15.0,479.5,0.0,7192.5,0.0,0.0
2936,2936,75,1,6,20260104,30.0,43.69,0.0,1310.7,0.0,0.0
2937,2937,69,1,29,20260104,32.0,86.46,0.0,2766.72,0.0,0.0
2938,2938,90,1,33,20260104,48.0,202.59,0.0,9724.32,0.0,0.0
2939,2939,70,1,71,20260104,23.0,395.49,0.0,9096.27,0.0,0.0
2940,2940,35,1,62,20260104,32.0,67.95,0.0,2174.4,0.0,0.0
2941,2941,44,1,19,20260104,35.0,488.69,0.0,17104.15,0.0,0.0
2942,2942,4,1,73,20260104,25.0,251.76,0.0,6294.0,0.0,0.0
2943,2943,6,1,45,20260104,19.0,164.99,0.0,3134.81,0.0,0.0
2944,2944,9,1,40,20260104,33.0,378.56,0.0,12492.48,0.0,0.0
2945,2945,80,1,12,20260104,2.0,176.31,0.0,352.62,0.0,0.0
2946,2946,99,1,52,20260104,35.0,433.49,0.0,15172.15,0.0,0.0
2947,2947,1,1,52,20260104,27.0,92.81,0.0,2505.87,0.0,0.0
2948,2948,32,1,61,20260104,23.0,441.21,0.0,10147.83,0.0,0.0
2949,2949,13,1,65,20260104,39.0,59.73,0.0,2329.47,0.0,0.0
2950,2950,56,1,66,20260104,45.0,120.01,0.0,5400.45,0.0,0.0
2951,2951,56,1,13,20260104,16.0,371.53,0.0,5944.48,0.0,0.0
2952,2952,11,1,25,20260104,1.0,235.96,0.0,235.96,0.0,0.0
2953,2953,15,1,18,20260104,37.0,350.02,0.0,12950.74,0.0,0.0
2954,2954,44,1,63,20260104,24.0,71.19,0.0,1708.56,0.0,0.0
2955,2955,82,1,16,20260104,27.0,311.91,0.0,8421.57,0.0,0.0
2956,2956,90,1,36,20260104,29.0,447.45,0.0,12976.05,0.0,0.0
2957,2957,36,1,37,20260104,15.0,137.8,0.0,2067.0,0.0,0.0
2958,2958,48,1,53,20260104,44.0,93.66,0.0,4121.04,0.0,0.0
2959,2959,28,1,16,20260104,14.0,211.59,0.0,2962.26,0.0,0.0
2960,2960,94,1,28,20260104,42.0,253.35,0.0,10640.7,0.0,0.0
2961,2961,50,1,48,20260104,4.0,140.92,0.0,563.68,0.0,0.0
2962,2962,39,1,42,20260104,27.0,200.84,0.0,5422.68,0.0,0.0
2963,2963,77,1,16,20260104,50.0,6.6,0.0,330.0,0.0,0.0
2964,2964,59,1,28,20260104,14.0,135.88,0.0,1902.32,0.0,0.0
2965,2965,17,1,51,20260104,28.0,492.19,0.0,13781.32,0.0,0.0
2966,2966,55,1,60,20260104,2.0,24.87,0.0,49.74,0.0,0.0
2967,2967,32,1,5,20260104,36.0,145.66,0.0,5243.76,0.0,0.0
2968,2968,41,1,49,20260104,29.0,81.05,0.0,2350.45,0.0,0.0
2969,2969,14,1,48,20260104,13.0,360.35,0.0,4684.55,0.0,0.0
2970,2970,7,1,63,20260104,14.0,160.16,0.0,2242.24,0.0,0.0
2971,2971,55,1,61,20260104,35.0,478.38,0.0,16743.3,0.0,0.0
2972,2972,74,1,56,20260104,22.0,235.26,0.0,5175.72,0.0,0.0
2973,2973,60,1,10,20260104,40.0,262.94,0.0,10517.6,0.0,0.0
2974,2974,93,1,61,20260104,47.0,89.62,0.0,4212.14,0.0,0.0
2975,2975,79,1,58,20260104,31.0,423.49,0.0,13128.19,0.0,0.0
2976,2976,22,1,21,20260104,6.0,445.31,0.0,2671.86,0.0,0.0
2977,2977,11,1,76,20260104,30.0,147.71,0.0,4431.3,0.0,0.0
2978,2978,95,1,25,20260104,29.0,331.71,0.0,9619.59,0.0,0.0
2979,2979,52,1,37,20260104,45.0,120.99,0.0,5444.55,0.0,0.0
2980,2980,23,1,28,20260104,44.0,463.96,0.0,20414.24,0.0,0.0
2981,2981,1,1,3,20260104,35.0,222.34,0.0,7781.9,0.0,0.0
2982,2982,84,1,23,20260104,44.0,73.31,0.0,3225.64,0.0,0.0
2983,2983,32,1,1,20260104,30.0,266.27,0.0,7988.1,0.0,0.0
2984,2984,77,1,32,20260104,38.0,12.53,0.0,476.14,0.0,0.0
2985,2985,71,1,77,20260104,44.0,244.86,0.0,10773.84,0.0,0.0
2986,2986,78,1,67,20260104,21.0,205.77,0.0,4321.17,0.0,0.0
2987,2987,76,1,17,20260104,31.0,346.12,0.0,10729.72,0.0,0.0
2988,2988,88,1,62,20260104,11.0,276.21,0.0,3038.31,0.0,0.0
2989,2989,73,1,23,20260104,42.0,281.46,0.0,11821.32,0.0,0.0
2990,2990,27,1,71,20260104,4.0,95.98,0.0,383.92,0.0,0.0
2991,2991,42,1,50,20260104,45.0,71.72,0.0,3227.4,0.0,0.0
2992,2992,73,1,11,20260104,12.0,351.58,0.0,4218.96,0.0,0.0
2993,2993,26,1,26,20260104,26.0,160.02,0.0,4160.52,0.0,0.0
2994,2994,84,1,26,20260104,37.0,441.01,0.0,16317.37,0.0,0.0
2995,2995,50,1,9,20260104,36.0,173.05,0.0,6229.8,0.0,0.0
2996,2996,30,1,5,20260104,35.0,269.09,0.0,9418.15,0.0,0.0
2997,2997,97,1,39,20260104,19.0,140.27,0.0,2665.13,0.0,0.0
2998,2998,77,1,44,20260104,35.0,291.65,0.0,10207.75,0.0,0.0
2999,2999,68,1,61,20260104,38.0,165.08,0.0,6273.04,0.0,0.0
3000,3000,26,1,40,20260104,17.0,228.93,0.0,3891.81,0.0,0.0
3001,3001,75,1,15,20260104,8.0,180.58,0.0,1444.64,0.0,0.0
3002,3002,19,1,61,20260104,41.0,184.77,0.0,7575.57,0.0,0.0
3003,3003,37,1,56,20260104,12.0,446.58,0.0,5358.96,0.0,0.0
3004,3004,30,1,34,20260104,9.0,334.09,0.0,3006.81,0.0,0.0
3005,3005,80,1,12,20260104,31.0,22.09,0.0,684.79,0.0,0.0
3006,3006,18,1,18,20260104,26.0,138.25,0.0,3594.5,0.0,0.0
3007,3007,74,1,63,20260104,6.0,359.04,0.0,2154.24,0.0,0.0
3008,3008,73,1,68,20260104,10.0,180.94,0.0,1809.4,0.0,0.0
3009,3009,8,1,62,20260104,23.0,408.53,0.0,9396.19,0.0,0.0
3010,3010,53,1,52,20260104,23.0,325.01,0.0,7475.23,0.0,0.0
3011,3011,68,1,3,20260104,27.0,72.77,0.0,1964.79,0.0,0.0
3012,3012,10,1,51,20260104,4.0,186.16,0.0,744.64,0.0,0.0
3013,3013,25,1,43,20260104,29.0,161.91,0.0,4695.39,0.0,0.0
3014,3014,61,1,40,20260104,9.0,381.33,0.0,3431.97,0.0,0.0
3015,3015,74,1,7,20260104,13.0,185.02,0.0,2405.26,0.0,0.0
3016,3016,45,1,66,20260104,15.0,345.18,0.0,5177.7,0.0,0.0
3017,3017,38,1,60,20260104,42.0,407.66,0.0,17121.72,0.0,0.0
3018,3018,96,1,32,20260104,42.0,81.16,0.0,3408.72,0.0,0.0
3019,3019,36,1,7,20260104,13.0,95.52,0.0,1241.76,0.0,0.0
3020,3020,33,1,12,20260104,33.0,111.72,0.0,3686.76,0.0,0.0
3021,3021,33,1,56,20260104,11.0,139.41,0.0,1533.51,0.0,0.0
3022,3022,79,1,71,20260104,1.0,321.77,0.0,321.77,0.0,0.0
3023,3023,71,1,69,20260104,21.0,13.29,0.0,279.09,0.0,0.0
3024,3024,57,1,21,20260104,38.0,205.58,0.0,7812.04,0.0,0.0
3025,3025,41,1,20,20260104,38.0,462.13,0.0,17560.94,0.0,0.0
3026,3026,26,1,41,20260104,36.0,442.9,0.0,15944.4,0.0,0.0
3027,3027,48,1,38,20260104,24.0,277.32,0.0,6655.68,0.0,0.0
3028,3028,52,1,76,20260104,45.0,178.1,0.0,8014.5,0.0,0.0
3031,3031,71,1,72,20260104,10.0,325.65,0.0,3256.5,0.0,0.0
3029,3029,66,1,74,20260104,7.0,164.99,0.0,1154.93,0.0,0.0
3030,3030,48,1,62,20260104,44.0,345.54,0.0,15203.76,0.0,0.0
3032,3032,12,1,64,20260104,31.0,132.86,0.0,4118.66,0.0,0.0
3033,3033,13,1,27,20260104,13.0,327.26,0.0,4254.38,0.0,0.0
3034,3034,43,1,16,20260104,41.0,158.53,0.0,6499.73,0.0,0.0
3035,3035,88,1,52,20260104,47.0,16.19,0.0,760.93,0.0,0.0
3036,3036,30,1,25,20260104,31.0,149.63,0.0,4638.53,0.0,0.0
3037,3037,44,1,13,20260104,40.0,134.78,0.0,5391.2,0.0,0.0
3079,3079,21,1,44,20260104,36.0,210.46,0.0,7576.56,0.0,0.0
3038,3038,9,1,44,20260104,34.0,30.57,0.0,1039.38,0.0,0.0
3080,3080,12,1,11,20260104,26.0,387.69,0.0,10079.94,0.0,0.0
3039,3039,33,1,58,20260104,47.0,176.06,0.0,8274.82,0.0,0.0
3040,3040,1,1,33,20260104,27.0,299.6,0.0,8089.2,0.0,0.0
3041,3041,93,1,75,20260104,18.0,376.89,0.0,6784.02,0.0,0.0
3042,3042,43,1,64,20260104,40.0,314.09,0.0,12563.6,0.0,0.0
3043,3043,64,1,30,20260104,9.0,462.22,0.0,4159.98,0.0,0.0
3044,3044,68,1,69,20260104,48.0,294.68,0.0,14144.64,0.0,0.0
3046,3046,8,1,62,20260104,46.0,58.87,0.0,2708.02,0.0,0.0
3045,3045,69,1,42,20260104,43.0,446.75,0.0,19210.25,0.0,0.0
3047,3047,37,1,35,20260104,19.0,135.62,0.0,2576.78,0.0,0.0
3048,3048,60,1,75,20260104,47.0,96.87,0.0,4552.89,0.0,0.0
3049,3049,65,1,43,20260104,6.0,210.6,0.0,1263.6,0.0,0.0
3081,3081,38,1,29,20260104,37.0,432.57,0.0,16005.09,0.0,0.0
3050,3050,86,1,44,20260104,18.0,209.68,0.0,3774.24,0.0,0.0
3051,3051,85,1,66,20260104,47.0,81.81,0.0,3845.07,0.0,0.0
3052,3052,80,1,62,20260104,17.0,213.02,0.0,3621.34,0.0,0.0
3053,3053,32,1,58,20260104,37.0,118.79,0.0,4395.23,0.0,0.0
3054,3054,100,1,64,20260104,50.0,457.23,0.0,22861.5,0.0,0.0
3055,3055,85,1,23,20260104,9.0,37.06,0.0,333.54,0.0,0.0
3056,3056,54,1,70,20260104,49.0,292.24,0.0,14319.76,0.0,0.0
3057,3057,68,1,64,20260104,46.0,7.85,0.0,361.1,0.0,0.0
3058,3058,75,1,60,20260104,43.0,146.72,0.0,6308.96,0.0,0.0
3059,3059,15,1,35,20260104,5.0,90.77,0.0,453.85,0.0,0.0
3060,3060,82,1,30,20260104,34.0,410.62,0.0,13961.08,0.0,0.0
3061,3061,52,1,57,20260104,13.0,8.18,0.0,106.34,0.0,0.0
3062,3062,27,1,41,20260104,6.0,258.43,0.0,1550.58,0.0,0.0
3063,3063,17,1,61,20260104,41.0,132.73,0.0,5441.93,0.0,0.0
3064,3064,27,1,68,20260104,8.0,70.39,0.0,563.12,0.0,0.0
3065,3065,89,1,17,20260104,20.0,112.44,0.0,2248.8,0.0,0.0
3066,3066,81,1,9,20260104,20.0,320.29,0.0,6405.8,0.0,0.0
3067,3067,25,1,70,20260104,18.0,78.08,0.0,1405.44,0.0,0.0
3068,3068,15,1,31,20260104,39.0,201.22,0.0,7847.58,0.0,0.0
3069,3069,95,1,5,20260104,4.0,188.68,0.0,754.72,0.0,0.0
3070,3070,3,1,65,20260104,26.0,438.19,0.0,11392.94,0.0,0.0
3071,3071,30,1,62,20260104,38.0,460.39,0.0,17494.82,0.0,0.0
3072,3072,71,1,32,20260104,17.0,483.62,0.0,8221.54,0.0,0.0
3073,3073,5,1,33,20260104,18.0,104.63,0.0,1883.34,0.0,0.0
3074,3074,68,1,41,20260104,47.0,498.04,0.0,23407.88,0.0,0.0
3075,3075,29,1,49,20260104,18.0,59.42,0.0,1069.56,0.0,0.0
3076,3076,57,1,42,20260104,14.0,402.02,0.0,5628.28,0.0,0.0
3077,3077,81,1,68,20260104,23.0,84.6,0.0,1945.8,0.0,0.0
3078,3078,7,1,49,20260104,30.0,181.85,0.0,5455.5,0.0,0.0
3082,3082,80,1,55,20260104,14.0,467.78,0.0,6548.92,0.0,0.0
3083,3083,44,1,38,20260104,10.0,137.95,0.0,1379.5,0.0,0.0
3084,3084,39,1,35,20260104,45.0,91.42,0.0,4113.9,0.0,0.0
3085,3085,66,1,44,20260104,4.0,88.55,0.0,354.2,0.0,0.0
3086,3086,14,1,70,20260104,42.0,399.54,0.0,16780.68,0.0,0.0
3087,3087,74,1,45,20260104,16.0,280.58,0.0,4489.28,0.0,0.0
3088,3088,22,1,31,20260104,30.0,406.87,0.0,12206.1,0.0,0.0
3089,3089,89,1,9,20260104,44.0,423.11,0.0,18616.84,0.0,0.0
3090,3090,21,1,46,20260104,6.0,274.04,0.0,1644.24,0.0,0.0
3091,3091,53,1,11,20260104,17.0,355.37,0.0,6041.29,0.0,0.0
3092,3092,7,1,13,20260104,22.0,313.35,0.0,6893.7,0.0,0.0
3093,3093,94,1,2,20260104,18.0,461.59,0.0,8308.62,0.0,0.0
3094,3094,4,1,56,20260104,33.0,85.03,0.0,2805.99,0.0,0.0
3095,3095,85,1,31,20260104,34.0,103.93,0.0,3533.62,0.0,0.0
3096,3096,68,1,31,20260104,21.0,59.73,0.0,1254.33,0.0,0.0
3097,3097,3,1,5,20260104,36.0,320.41,0.0,11534.76,0.0,0.0
3098,3098,72,1,61,20260104,21.0,334.64,0.0,7027.44,0.0,0.0
3099,3099,44,1,31,20260104,31.0,343.96,0.0,10662.76,0.0,0.0
3100,3100,96,1,30,20260104,1.0,85.27,0.0,85.27,0.0,0.0
3101,3101,44,1,28,20260104,4.0,327.96,0.0,1311.84,0.0,0.0
3102,3102,81,1,5,20260104,17.0,400.4,0.0,6806.8,0.0,0.0
3103,3103,45,1,26,20260104,29.0,211.89,0.0,6144.81,0.0,0.0
3104,3104,12,1,68,20260104,8.0,452.52,0.0,3620.16,0.0,0.0
3105,3105,61,1,29,20260104,40.0,62.61,0.0,2504.4,0.0,0.0
3106,3106,26,1,51,20260104,8.0,251.89,0.0,2015.12,0.0,0.0
3107,3107,76,1,61,20260104,20.0,327.51,0.0,6550.2,0.0,0.0
3108,3108,87,1,44,20260104,41.0,348.99,0.0,14308.59,0.0,0.0
3109,3109,9,1,14,20260104,4.0,28.44,0.0,113.76,0.0,0.0
3110,3110,61,1,67,20260104,48.0,374.25,0.0,17964.0,0.0,0.0
3111,3111,30,1,25,20260104,47.0,297.68,0.0,13990.96,0.0,0.0
3112,3112,70,1,2,20260104,8.0,23.1,0.0,184.8,0.0,0.0
3113,3113,20,1,49,20260104,31.0,495.44,0.0,15358.64,0.0,0.0
3114,3114,60,1,20,20260104,7.0,281.6,0.0,1971.2,0.0,0.0
3115,3115,35,1,8,20260104,24.0,150.76,0.0,3618.24,0.0,0.0
3116,3116,67,1,57,20260104,48.0,121.51,0.0,5832.48,0.0,0.0
3117,3117,20,1,24,20260104,12.0,254.67,0.0,3056.04,0.0,0.0
3118,3118,62,1,29,20260104,50.0,24.93,0.0,1246.5,0.0,0.0
3119,3119,51,1,67,20260104,19.0,56.25,0.0,1068.75,0.0,0.0
3120,3120,92,1,11,20260104,6.0,404.63,0.0,2427.78,0.0,0.0
3121,3121,41,1,35,20260104,34.0,474.2,0.0,16122.8,0.0,0.0
3122,3122,91,1,30,20260104,5.0,385.93,0.0,1929.65,0.0,0.0
3123,3123,77,1,31,20260104,40.0,287.69,0.0,11507.6,0.0,0.0
3124,3124,3,1,64,20260104,35.0,269.05,0.0,9416.75,0.0,0.0
3125,3125,28,1,61,20260104,49.0,122.96,0.0,6025.04,0.0,0.0
3126,3126,42,1,6,20260104,48.0,127.6,0.0,6124.8,0.0,0.0
3127,3127,36,1,71,20260104,22.0,471.16,0.0,10365.52,0.0,0.0
3128,3128,70,1,17,20260104,42.0,373.98,0.0,15707.16,0.0,0.0
3129,3129,52,1,60,20260104,6.0,484.61,0.0,2907.66,0.0,0.0
3130,3130,12,1,18,20260104,28.0,285.14,0.0,7983.92,0.0,0.0
3131,3131,16,1,28,20260104,18.0,219.99,0.0,3959.82,0.0,0.0
3132,3132,52,1,65,20260104,38.0,100.54,0.0,3820.52,0.0,0.0
3133,3133,65,1,23,20260104,12.0,87.63,0.0,1051.56,0.0,0.0
3134,3134,22,1,14,20260104,41.0,204.63,0.0,8389.83,0.0,0.0
3135,3135,10,1,35,20260104,10.0,88.61,0.0,886.1,0.0,0.0
3136,3136,41,1,72,20260104,29.0,248.38,0.0,7203.02,0.0,0.0
3137,3137,48,1,18,20260104,38.0,480.92,0.0,18274.96,0.0,0.0
3138,3138,81,1,27,20260104,14.0,479.62,0.0,6714.68,0.0,0.0
3139,3139,75,1,5,20260104,22.0,114.53,0.0,2519.66,0.0,0.0
3140,3140,100,1,63,20260104,8.0,268.2,0.0,2145.6,0.0,0.0
3141,3141,62,1,14,20260104,40.0,289.77,0.0,11590.8,0.0,0.0
3142,3142,6,1,56,20260104,13.0,356.53,0.0,4634.89,0.0,0.0
3143,3143,60,1,77,20260104,27.0,460.07,0.0,12421.89,0.0,0.0
3144,3144,49,1,40,20260104,40.0,417.88,0.0,16715.2,0.0,0.0
3145,3145,39,1,26,20260104,25.0,400.44,0.0,10011.0,0.0,0.0
3146,3146,35,1,12,20260104,36.0,231.38,0.0,8329.68,0.0,0.0
3147,3147,60,1,18,20260104,40.0,178.17,0.0,7126.8,0.0,0.0
3148,3148,92,1,42,20260104,14.0,191.0,0.0,2674.0,0.0,0.0
3149,3149,31,1,66,20260104,1.0,455.87,0.0,455.87,0.0,0.0
3150,3150,49,1,72,20260104,2.0,488.27,0.0,976.54,0.0,0.0
3151,3151,27,1,23,20260104,17.0,45.32,0.0,770.44,0.0,0.0
3152,3152,29,1,46,20260104,31.0,272.98,0.0,8462.38,0.0,0.0
3153,3153,4,1,57,20260104,9.0,403.96,0.0,3635.64,0.0,0.0
3154,3154,5,1,52,20260104,25.0,306.4,0.0,7660.0,0.0,0.0
3155,3155,71,1,20,20260104,1.0,12.8,0.0,12.8,0.0,0.0
3156,3156,85,1,53,20260104,6.0,29.31,0.0,175.86,0.0,0.0
3157,3157,35,1,59,20260104,4.0,83.98,0.0,335.92,0.0,0.0
3158,3158,87,1,3,20260104,21.0,120.61,0.0,2532.81,0.0,0.0
3159,3159,54,1,59,20260104,36.0,186.14,0.0,6701.04,0.0,0.0
3160,3160,78,1,40,20260104,20.0,366.66,0.0,7333.2,0.0,0.0
3161,3161,18,1,76,20260104,48.0,108.81,0.0,5222.88,0.0,0.0
3162,3162,32,1,45,20260104,41.0,27.43,0.0,1124.63,0.0,0.0
3163,3163,11,1,12,20260104,43.0,140.68,0.0,6049.24,0.0,0.0
3164,3164,76,1,43,20260104,40.0,11.96,0.0,478.4,0.0,0.0
3165,3165,20,1,50,20260104,40.0,431.68,0.0,17267.2,0.0,0.0
3166,3166,28,1,35,20260104,14.0,495.63,0.0,6938.82,0.0,0.0
3167,3167,58,1,5,20260104,43.0,462.18,0.0,19873.74,0.0,0.0
3168,3168,94,1,70,20260104,24.0,407.02,0.0,9768.48,0.0,0.0
3169,3169,70,1,48,20260104,39.0,496.76,0.0,19373.64,0.0,0.0
3170,3170,39,1,15,20260104,19.0,378.72,0.0,7195.68,0.0,0.0
3171,3171,5,1,16,20260104,5.0,129.8,0.0,649.0,0.0,0.0
3172,3172,56,1,2,20260104,36.0,200.35,0.0,7212.6,0.0,0.0
3173,3173,17,1,24,20260104,3.0,426.92,0.0,1280.76,0.0,0.0
3174,3174,6,1,57,20260104,17.0,66.68,0.0,1133.56,0.0,0.0
3175,3175,94,1,55,20260104,19.0,101.4,0.0,1926.6,0.0,0.0
3176,3176,17,1,10,20260104,33.0,232.13,0.0,7660.29,0.0,0.0
3177,3177,58,1,61,20260104,36.0,326.69,0.0,11760.84,0.0,0.0
3178,3178,7,1,33,20260104,48.0,108.9,0.0,5227.2,0.0,0.0
3179,3179,85,1,56,20260104,20.0,321.74,0.0,6434.8,0.0,0.0
3180,3180,78,1,52,20260104,39.0,240.45,0.0,9377.55,0.0,0.0
3181,3181,1,1,41,20260104,45.0,365.93,0.0,16466.85,0.0,0.0
3182,3182,89,1,60,20260104,2.0,29.04,0.0,58.08,0.0,0.0
3183,3183,68,1,6,20260104,26.0,35.41,0.0,920.66,0.0,0.0
3184,3184,26,1,16,20260104,45.0,164.29,0.0,7393.05,0.0,0.0
3185,3185,42,1,56,20260104,12.0,145.1,0.0,1741.2,0.0,0.0
3186,3186,72,1,66,20260104,34.0,439.55,0.0,14944.7,0.0,0.0
3187,3187,99,1,65,20260104,34.0,327.42,0.0,11132.28,0.0,0.0
3188,3188,50,1,13,20260104,29.0,176.89,0.0,5129.81,0.0,0.0
3189,3189,48,1,11,20260104,41.0,404.11,0.0,16568.51,0.0,0.0
3190,3190,25,1,59,20260104,22.0,494.74,0.0,10884.28,0.0,0.0
3191,3191,21,1,40,20260104,40.0,65.94,0.0,2637.6,0.0,0.0
3192,3192,26,1,42,20260104,12.0,158.81,0.0,1905.72,0.0,0.0
3193,3193,81,1,47,20260104,28.0,241.2,0.0,6753.6,0.0,0.0
3194,3194,36,1,2,20260104,43.0,283.62,0.0,12195.66,0.0,0.0
3195,3195,67,1,29,20260104,50.0,288.94,0.0,14447.0,0.0,0.0
3196,3196,69,1,9,20260104,26.0,177.12,0.0,4605.12,0.0,0.0
3197,3197,18,1,20,20260104,32.0,62.76,0.0,2008.32,0.0,0.0
3198,3198,25,1,58,20260104,9.0,353.13,0.0,3178.17,0.0,0.0
3199,3199,89,1,33,20260104,23.0,90.07,0.0,2071.61,0.0,0.0
3200,3200,63,1,2,20260104,1.0,452.68,0.0,452.68,0.0,0.0
3201,3201,15,1,46,20260104,34.0,299.75,0.0,10191.5,0.0,0.0
3202,3202,6,1,72,20260104,13.0,383.42,0.0,4984.46,0.0,0.0
3203,3203,57,1,45,20260104,32.0,51.12,0.0,1635.84,0.0,0.0
3204,3204,57,1,11,20260104,42.0,342.74,0.0,14395.08,0.0,0.0
3205,3205,7,1,31,20260104,13.0,446.75,0.0,5807.75,0.0,0.0
3206,3206,89,1,2,20260104,32.0,150.24,0.0,4807.68,0.0,0.0
3207,3207,26,1,67,20260104,26.0,465.2,0.0,12095.2,0.0,0.0
3208,3208,16,1,5,20260104,34.0,155.93,0.0,5301.62,0.0,0.0
3209,3209,75,1,77,20260104,6.0,170.31,0.0,1021.86,0.0,0.0
3210,3210,42,1,77,20260104,33.0,16.45,0.0,542.85,0.0,0.0
3211,3211,11,1,35,20260104,26.0,260.33,0.0,6768.58,0.0,0.0
3212,3212,22,1,38,20260104,49.0,38.17,0.0,1870.33,0.0,0.0
3213,3213,99,1,50,20260104,11.0,310.89,0.0,3419.79,0.0,0.0
3214,3214,82,1,43,20260104,38.0,429.7,0.0,16328.6,0.0,0.0
3215,3215,69,1,36,20260104,18.0,76.01,0.0,1368.18,0.0,0.0
3216,3216,37,1,40,20260104,26.0,89.14,0.0,2317.64,0.0,0.0
3217,3217,91,1,12,20260104,9.0,37.73,0.0,339.57,0.0,0.0
3218,3218,61,1,7,20260104,22.0,171.42,0.0,3771.24,0.0,0.0
3219,3219,95,1,77,20260104,32.0,313.85,0.0,10043.2,0.0,0.0
3220,3220,21,1,16,20260104,32.0,152.13,0.0,4868.16,0.0,0.0
3221,3221,28,1,34,20260104,40.0,242.9,0.0,9716.0,0.0,0.0
3222,3222,46,1,66,20260104,14.0,445.95,0.0,6243.3,0.0,0.0
3223,3223,24,1,26,20260104,3.0,69.83,0.0,209.49,0.0,0.0
3224,3224,31,1,36,20260104,44.0,238.38,0.0,10488.72,0.0,0.0
3225,3225,56,1,1,20260104,28.0,243.55,0.0,6819.4,0.0,0.0
3226,3226,32,1,57,20260104,6.0,108.74,0.0,652.44,0.0,0.0
3227,3227,75,1,56,20260104,38.0,405.63,0.0,15413.94,0.0,0.0
3228,3228,99,1,69,20260104,6.0,465.1,0.0,2790.6,0.0,0.0
3229,3229,54,1,20,20260104,39.0,68.16,0.0,2658.24,0.0,0.0
3230,3230,77,1,14,20260104,50.0,263.0,0.0,13150.0,0.0,0.0
3231,3231,71,1,20,20260104,40.0,356.3,0.0,14252.0,0.0,0.0
3232,3232,88,1,20,20260104,29.0,88.69,0.0,2572.01,0.0,0.0
3233,3233,6,1,69,20260104,36.0,28.26,0.0,1017.36,0.0,0.0
3234,3234,76,1,65,20260104,49.0,56.73,0.0,2779.77,0.0,0.0
3235,3235,22,1,41,20260104,24.0,101.09,0.0,2426.16,0.0,0.0
3236,3236,42,1,39,20260104,27.0,70.09,0.0,1892.43,0.0,0.0
3237,3237,6,1,5,20260104,35.0,67.08,0.0,2347.8,0.0,0.0
3238,3238,47,1,75,20260104,49.0,492.25,0.0,24120.25,0.0,0.0
3239,3239,91,1,70,20260104,10.0,304.24,0.0,3042.4,0.0,0.0
3240,3240,95,1,39,20260104,37.0,51.88,0.0,1919.56,0.0,0.0
3241,3241,63,1,16,20260104,41.0,249.29,0.0,10220.89,0.0,0.0
3242,3242,55,1,26,20260104,50.0,159.76,0.0,7988.0,0.0,0.0
3243,3243,94,1,40,20260104,24.0,289.87,0.0,6956.88,0.0,0.0
3244,3244,43,1,18,20260104,41.0,485.07,0.0,19887.87,0.0,0.0
3245,3245,69,1,15,20260104,46.0,140.99,0.0,6485.54,0.0,0.0
3246,3246,45,1,49,20260104,50.0,275.3,0.0,13765.0,0.0,0.0
3247,3247,48,1,35,20260104,3.0,191.9,0.0,575.7,0.0,0.0
3248,3248,94,1,52,20260104,15.0,491.92,0.0,7378.8,0.0,0.0
3249,3249,91,1,34,20260104,28.0,231.63,0.0,6485.64,0.0,0.0
3250,3250,12,1,71,20260104,49.0,450.76,0.0,22087.24,0.0,0.0
3251,3251,65,1,48,20260104,44.0,307.73,0.0,13540.12,0.0,0.0
3252,3252,66,1,67,20260104,34.0,317.45,0.0,10793.3,0.0,0.0
3253,3253,61,1,37,20260104,22.0,108.55,0.0,2388.1,0.0,0.0
3254,3254,75,1,37,20260104,34.0,149.85,0.0,5094.9,0.0,0.0
3255,3255,86,1,15,20260104,19.0,171.51,0.0,3258.69,0.0,0.0
3256,3256,26,1,64,20260104,47.0,304.84,0.0,14327.48,0.0,0.0
3257,3257,14,1,23,20260104,25.0,175.39,0.0,4384.75,0.0,0.0
3258,3258,68,1,47,20260104,24.0,493.29,0.0,11838.96,0.0,0.0
3259,3259,4,1,55,20260104,35.0,380.19,0.0,13306.65,0.0,0.0
3260,3260,44,1,40,20260104,2.0,60.99,0.0,121.98,0.0,0.0
3261,3261,27,1,68,20260104,38.0,65.39,0.0,2484.82,0.0,0.0
3262,3262,32,1,25,20260104,24.0,168.1,0.0,4034.4,0.0,0.0
3263,3263,54,1,44,20260104,34.0,392.2,0.0,13334.8,0.0,0.0
3264,3264,62,1,19,20260104,22.0,438.13,0.0,9638.86,0.0,0.0
3265,3265,68,1,68,20260104,38.0,304.45,0.0,11569.1,0.0,0.0
3266,3266,87,1,66,20260104,31.0,81.39,0.0,2523.09,0.0,0.0
3267,3267,86,1,6,20260104,32.0,466.2,0.0,14918.4,0.0,0.0
3268,3268,37,1,13,20260104,41.0,186.42,0.0,7643.22,0.0,0.0
3269,3269,77,1,26,20260104,23.0,217.93,0.0,5012.39,0.0,0.0
3270,3270,69,1,76,20260104,37.0,42.72,0.0,1580.64,0.0,0.0
3271,3271,18,1,63,20260104,7.0,497.67,0.0,3483.69,0.0,0.0
3272,3272,78,1,3,20260104,34.0,371.67,0.0,12636.78,0.0,0.0
3273,3273,71,1,44,20260104,3.0,102.39,0.0,307.17,0.0,0.0
3274,3274,3,1,31,20260104,15.0,262.02,0.0,3930.3,0.0,0.0
3275,3275,13,1,4,20260104,22.0,211.38,0.0,4650.36,0.0,0.0
3276,3276,9,1,64,20260104,2.0,54.4,0.0,108.8,0.0,0.0
3277,3277,70,1,65,20260104,31.0,125.17,0.0,3880.27,0.0,0.0
3278,3278,90,1,37,20260104,29.0,474.32,0.0,13755.28,0.0,0.0
3279,3279,97,1,11,20260104,36.0,469.67,0.0,16908.12,0.0,0.0
3280,3280,39,1,56,20260104,24.0,59.65,0.0,1431.6,0.0,0.0
3281,3281,34,1,43,20260104,28.0,420.6,0.0,11776.8,0.0,0.0
3282,3282,29,1,41,20260104,38.0,452.15,0.0,17181.7,0.0,0.0
3283,3283,79,1,33,20260104,15.0,111.09,0.0,1666.35,0.0,0.0
3284,3284,91,1,15,20260104,9.0,7.34,0.0,66.06,0.0,0.0
3285,3285,32,1,27,20260104,33.0,43.8,0.0,1445.4,0.0,0.0
3286,3286,58,1,75,20260104,26.0,284.3,0.0,7391.8,0.0,0.0
3287,3287,45,1,24,20260104,5.0,324.67,0.0,1623.35,0.0,0.0
3288,3288,31,1,63,20260104,44.0,227.42,0.0,10006.48,0.0,0.0
3289,3289,95,1,26,20260104,16.0,416.67,0.0,6666.72,0.0,0.0
3290,3290,67,1,63,20260104,3.0,309.81,0.0,929.43,0.0,0.0
3291,3291,53,1,75,20260104,30.0,416.55,0.0,12496.5,0.0,0.0
3292,3292,18,1,25,20260104,20.0,257.13,0.0,5142.6,0.0,0.0
3293,3293,31,1,77,20260104,10.0,447.02,0.0,4470.2,0.0,0.0
3294,3294,93,1,34,20260104,8.0,479.82,0.0,3838.56,0.0,0.0
3295,3295,24,1,6,20260104,35.0,206.03,0.0,7211.05,0.0,0.0
3296,3296,43,1,54,20260104,33.0,413.44,0.0,13643.52,0.0,0.0
3297,3297,82,1,5,20260104,32.0,270.8,0.0,8665.6,0.0,0.0
3298,3298,50,1,75,20260104,45.0,195.39,0.0,8792.55,0.0,0.0
3299,3299,44,1,48,20260104,25.0,448.62,0.0,11215.5,0.0,0.0
3300,3300,5,1,54,20260104,18.0,243.22,0.0,4377.96,0.0,0.0
3301,3301,49,1,1,20260104,39.0,176.08,0.0,6867.12,0.0,0.0
3302,3302,55,1,25,20260104,44.0,143.09,0.0,6295.96,0.0,0.0
3303,3303,63,1,26,20260104,46.0,342.41,0.0,15750.86,0.0,0.0
3304,3304,82,1,28,20260104,41.0,140.0,0.0,5740.0,0.0,0.0
3305,3305,16,1,34,20260104,28.0,161.24,0.0,4514.72,0.0,0.0
3306,3306,21,1,46,20260104,44.0,454.4,0.0,19993.6,0.0,0.0
3307,3307,50,1,10,20260104,23.0,365.07,0.0,8396.61,0.0,0.0
3308,3308,65,1,30,20260104,8.0,51.02,0.0,408.16,0.0,0.0
3309,3309,51,1,48,20260104,25.0,167.75,0.0,4193.75,0.0,0.0
3310,3310,80,1,35,20260104,18.0,121.18,0.0,2181.24,0.0,0.0
3311,3311,31,1,45,20260104,13.0,449.66,0.0,5845.58,0.0,0.0
3312,3312,91,1,25,20260104,37.0,456.35,0.0,16884.95,0.0,0.0
3313,3313,92,1,21,20260104,31.0,370.59,0.0,11488.29,0.0,0.0
3314,3314,53,1,2,20260104,24.0,481.72,0.0,11561.28,0.0,0.0
3315,3315,83,1,45,20260104,14.0,132.7,0.0,1857.8,0.0,0.0
3316,3316,60,1,54,20260104,45.0,101.66,0.0,4574.7,0.0,0.0
3317,3317,40,1,29,20260104,9.0,401.25,0.0,3611.25,0.0,0.0
3318,3318,30,1,3,20260104,26.0,106.04,0.0,2757.04,0.0,0.0
3319,3319,81,1,28,20260104,7.0,150.39,0.0,1052.73,0.0,0.0
3320,3320,21,1,47,20260104,18.0,330.98,0.0,5957.64,0.0,0.0
3321,3321,44,1,42,20260104,21.0,145.68,0.0,3059.28,0.0,0.0
3322,3322,83,1,52,20260104,35.0,62.85,0.0,2199.75,0.0,0.0
3323,3323,53,1,49,20260104,19.0,259.84,0.0,4936.96,0.0,0.0
3324,3324,27,1,29,20260104,38.0,440.76,0.0,16748.88,0.0,0.0
3325,3325,68,1,57,20260104,48.0,131.16,0.0,6295.68,0.0,0.0
3326,3326,63,1,74,20260104,29.0,239.78,0.0,6953.62,0.0,0.0
3327,3327,24,1,40,20260104,31.0,72.65,0.0,2252.15,0.0,0.0
3328,3328,12,1,52,20260104,12.0,136.09,0.0,1633.08,0.0,0.0
3329,3329,36,1,4,20260104,36.0,327.34,0.0,11784.24,0.0,0.0
3330,3330,41,1,1,20260104,30.0,170.37,0.0,5111.1,0.0,0.0
3331,3331,67,1,6,20260104,7.0,163.1,0.0,1141.7,0.0,0.0
3332,3332,55,1,15,20260104,8.0,287.63,0.0,2301.04,0.0,0.0
3333,3333,20,1,58,20260104,24.0,247.81,0.0,5947.44,0.0,0.0
3334,3334,42,1,63,20260104,33.0,102.06,0.0,3367.98,0.0,0.0
3335,3335,6,1,71,20260104,28.0,475.74,0.0,13320.72,0.0,0.0
3336,3336,14,1,26,20260104,31.0,19.67,0.0,609.77,0.0,0.0
3337,3337,87,1,2,20260104,27.0,281.45,0.0,7599.15,0.0,0.0
3338,3338,91,1,50,20260104,46.0,169.86,0.0,7813.56,0.0,0.0
3339,3339,11,1,51,20260104,25.0,120.52,0.0,3013.0,0.0,0.0
3340,3340,70,1,45,20260104,18.0,300.29,0.0,5405.22,0.0,0.0
3341,3341,14,1,70,20260104,41.0,310.85,0.0,12744.85,0.0,0.0
3342,3342,29,1,72,20260104,44.0,7.17,0.0,315.48,0.0,0.0
3343,3343,84,1,27,20260104,48.0,386.22,0.0,18538.56,0.0,0.0
3344,3344,59,1,1,20260104,14.0,204.49,0.0,2862.86,0.0,0.0
3345,3345,22,1,26,20260104,46.0,377.42,0.0,17361.32,0.0,0.0
3346,3346,72,1,11,20260104,27.0,108.68,0.0,2934.36,0.0,0.0
3347,3347,81,1,55,20260104,39.0,183.5,0.0,7156.5,0.0,0.0
3348,3348,34,1,40,20260104,18.0,461.86,0.0,8313.48,0.0,0.0
3349,3349,95,1,45,20260104,16.0,464.67,0.0,7434.72,0.0,0.0
3350,3350,4,1,38,20260104,10.0,101.18,0.0,1011.8,0.0,0.0
3351,3351,96,1,76,20260104,45.0,131.27,0.0,5907.15,0.0,0.0
3352,3352,12,1,71,20260104,8.0,417.14,0.0,3337.12,0.0,0.0
3353,3353,99,1,34,20260104,8.0,388.26,0.0,3106.08,0.0,0.0
3354,3354,73,1,39,20260104,22.0,368.65,0.0,8110.3,0.0,0.0
3355,3355,49,1,31,20260104,13.0,400.07,0.0,5200.91,0.0,0.0
3356,3356,90,1,73,20260104,35.0,74.65,0.0,2612.75,0.0,0.0
3357,3357,27,1,55,20260104,14.0,232.06,0.0,3248.84,0.0,0.0
3358,3358,44,1,30,20260104,11.0,194.78,0.0,2142.58,0.0,0.0
3359,3359,27,1,9,20260104,44.0,252.25,0.0,11099.0,0.0,0.0
3360,3360,72,1,19,20260104,14.0,482.42,0.0,6753.88,0.0,0.0
3362,3362,95,1,66,20260104,32.0,497.15,0.0,15908.8,0.0,0.0
3363,3363,72,1,41,20260104,44.0,402.05,0.0,17690.2,0.0,0.0
3364,3364,91,1,42,20260104,11.0,421.59,0.0,4637.49,0.0,0.0
3365,3365,29,1,27,20260104,35.0,120.28,0.0,4209.8,0.0,0.0
3366,3366,89,1,48,20260104,27.0,251.2,0.0,6782.4,0.0,0.0
3367,3367,47,1,6,20260104,18.0,344.32,0.0,6197.76,0.0,0.0
3368,3368,74,1,13,20260104,8.0,298.03,0.0,2384.24,0.0,0.0
3361,3361,41,1,50,20260104,49.0,13.43,0.0,658.07,0.0,0.0
3369,3369,48,1,59,20260104,50.0,173.83,0.0,8691.5,0.0,0.0
3370,3370,37,1,46,20260104,36.0,202.47,0.0,7288.92,0.0,0.0
3371,3371,82,1,22,20260104,35.0,102.84,0.0,3599.4,0.0,0.0
3372,3372,50,1,46,20260104,26.0,217.34,0.0,5650.84,0.0,0.0
3373,3373,10,1,27,20260104,1.0,121.63,0.0,121.63,0.0,0.0
3374,3374,59,1,35,20260104,34.0,203.24,0.0,6910.16,0.0,0.0
3375,3375,25,1,9,20260104,24.0,496.76,0.0,11922.24,0.0,0.0
3376,3376,5,1,34,20260104,6.0,433.83,0.0,2602.98,0.0,0.0
3377,3377,69,1,34,20260104,30.0,19.56,0.0,586.8,0.0,0.0
3378,3378,68,1,53,20260104,13.0,187.42,0.0,2436.46,0.0,0.0
3379,3379,96,1,11,20260104,10.0,184.78,0.0,1847.8,0.0,0.0
3380,3380,44,1,12,20260104,13.0,433.22,0.0,5631.86,0.0,0.0
3381,3381,71,1,27,20260104,12.0,463.2,0.0,5558.4,0.0,0.0
3382,3382,13,1,18,20260104,20.0,40.72,0.0,814.4,0.0,0.0
3383,3383,30,1,34,20260104,23.0,348.38,0.0,8012.74,0.0,0.0
3384,3384,75,1,13,20260104,18.0,35.99,0.0,647.82,0.0,0.0
3385,3385,32,1,71,20260104,27.0,132.35,0.0,3573.45,0.0,0.0
3386,3386,27,1,59,20260104,41.0,332.06,0.0,13614.46,0.0,0.0
3387,3387,95,1,15,20260104,1.0,499.74,0.0,499.74,0.0,0.0
3388,3388,21,1,7,20260104,38.0,123.28,0.0,4684.64,0.0,0.0
3389,3389,93,1,3,20260104,34.0,179.42,0.0,6100.28,0.0,0.0
3390,3390,83,1,30,20260104,12.0,437.75,0.0,5253.0,0.0,0.0
3391,3391,72,1,65,20260104,8.0,313.85,0.0,2510.8,0.0,0.0
3392,3392,17,1,8,20260104,45.0,492.28,0.0,22152.6,0.0,0.0
3393,3393,81,1,59,20260104,30.0,44.33,0.0,1329.9,0.0,0.0
3394,3394,31,1,52,20260104,16.0,396.64,0.0,6346.24,0.0,0.0
3395,3395,95,1,43,20260104,29.0,453.17,0.0,13141.93,0.0,0.0
3396,3396,52,1,72,20260104,7.0,6.58,0.0,46.06,0.0,0.0
3397,3397,49,1,59,20260104,24.0,385.4,0.0,9249.6,0.0,0.0
3398,3398,71,1,54,20260104,40.0,145.94,0.0,5837.6,0.0,0.0
3399,3399,5,1,61,20260104,39.0,279.02,0.0,10881.78,0.0,0.0
3400,3400,69,1,24,20260104,12.0,265.84,0.0,3190.08,0.0,0.0
3411,3411,19,1,67,20260104,4.0,11.58,0.0,46.32,0.0,0.0
3412,3412,57,1,60,20260104,35.0,176.84,0.0,6189.4,0.0,0.0
3413,3413,64,1,1,20260104,50.0,82.37,0.0,4118.5,0.0,0.0
3401,3401,58,1,18,20260104,44.0,245.61,0.0,10806.84,0.0,0.0
3414,3414,3,1,64,20260104,44.0,337.36,0.0,14843.84,0.0,0.0
3402,3402,42,1,55,20260104,34.0,169.19,0.0,5752.46,0.0,0.0
3415,3415,14,1,44,20260104,26.0,359.76,0.0,9353.76,0.0,0.0
3416,3416,50,1,11,20260104,23.0,57.05,0.0,1312.15,0.0,0.0
3403,3403,51,1,61,20260104,22.0,480.51,0.0,10571.22,0.0,0.0
3417,3417,19,1,25,20260104,13.0,319.47,0.0,4153.11,0.0,0.0
3418,3418,88,1,48,20260104,11.0,74.69,0.0,821.59,0.0,0.0
3404,3404,56,1,41,20260104,22.0,495.48,0.0,10900.56,0.0,0.0
3419,3419,54,1,35,20260104,19.0,260.19,0.0,4943.61,0.0,0.0
3420,3420,77,1,14,20260104,11.0,178.23,0.0,1960.53,0.0,0.0
3405,3405,44,1,36,20260104,46.0,125.25,0.0,5761.5,0.0,0.0
3421,3421,20,1,5,20260104,49.0,204.28,0.0,10009.72,0.0,0.0
3422,3422,100,1,41,20260104,32.0,173.12,0.0,5539.84,0.0,0.0
3406,3406,6,1,14,20260104,34.0,222.4,0.0,7561.6,0.0,0.0
3423,3423,71,1,29,20260104,26.0,247.1,0.0,6424.6,0.0,0.0
3424,3424,47,1,60,20260104,10.0,257.74,0.0,2577.4,0.0,0.0
3407,3407,47,1,58,20260104,40.0,297.32,0.0,11892.8,0.0,0.0
3425,3425,39,1,14,20260104,28.0,214.97,0.0,6019.16,0.0,0.0
3408,3408,72,1,57,20260104,16.0,465.97,0.0,7455.52,0.0,0.0
3409,3409,67,1,27,20260104,38.0,454.65,0.0,17276.7,0.0,0.0
3410,3410,50,1,57,20260104,34.0,427.59,0.0,14538.06,0.0,0.0
3426,3426,80,1,32,20260104,28.0,314.57,0.0,8807.96,0.0,0.0
3427,3427,13,1,1,20260104,28.0,95.79,0.0,2682.12,0.0,0.0
3428,3428,80,1,35,20260104,26.0,448.41,0.0,11658.66,0.0,0.0
3429,3429,31,1,29,20260104,26.0,88.4,0.0,2298.4,0.0,0.0
3430,3430,14,1,8,20260104,41.0,431.35,0.0,17685.35,0.0,0.0
3431,3431,72,1,76,20260104,24.0,449.79,0.0,10794.96,0.0,0.0
3432,3432,56,1,56,20260104,32.0,493.8,0.0,15801.6,0.0,0.0
3433,3433,16,1,46,20260104,48.0,487.73,0.0,23411.04,0.0,0.0
3434,3434,56,1,13,20260104,42.0,47.26,0.0,1984.92,0.0,0.0
3435,3435,64,1,34,20260104,28.0,96.55,0.0,2703.4,0.0,0.0
3436,3436,99,1,54,20260104,7.0,436.36,0.0,3054.52,0.0,0.0
3437,3437,78,1,56,20260104,9.0,38.22,0.0,343.98,0.0,0.0
3438,3438,3,1,32,20260104,25.0,96.68,0.0,2417.0,0.0,0.0
3439,3439,48,1,38,20260104,17.0,431.05,0.0,7327.85,0.0,0.0
3440,3440,65,1,37,20260104,48.0,255.37,0.0,12257.76,0.0,0.0
3441,3441,69,1,15,20260104,21.0,413.81,0.0,8690.01,0.0,0.0
3442,3442,22,1,10,20260104,49.0,158.16,0.0,7749.84,0.0,0.0
3443,3443,70,1,63,20260104,39.0,83.75,0.0,3266.25,0.0,0.0
3444,3444,20,1,14,20260104,49.0,38.68,0.0,1895.32,0.0,0.0
3445,3445,79,1,66,20260104,4.0,58.27,0.0,233.08,0.0,0.0
3446,3446,54,1,22,20260104,29.0,389.54,0.0,11296.66,0.0,0.0
3447,3447,40,1,38,20260104,34.0,466.03,0.0,15845.02,0.0,0.0
3448,3448,26,1,49,20260104,49.0,30.96,0.0,1517.04,0.0,0.0
3449,3449,42,1,4,20260104,1.0,370.49,0.0,370.49,0.0,0.0
3450,3450,82,1,29,20260104,23.0,406.68,0.0,9353.64,0.0,0.0
3451,3451,87,1,25,20260104,22.0,425.43,0.0,9359.46,0.0,0.0
3452,3452,35,1,52,20260104,1.0,474.89,0.0,474.89,0.0,0.0
3453,3453,2,1,61,20260104,42.0,332.59,0.0,13968.78,0.0,0.0
3454,3454,63,1,59,20260104,22.0,35.22,0.0,774.84,0.0,0.0
3455,3455,58,1,65,20260104,24.0,65.14,0.0,1563.36,0.0,0.0
3456,3456,93,1,74,20260104,31.0,471.83,0.0,14626.73,0.0,0.0
3457,3457,15,1,27,20260104,38.0,22.03,0.0,837.14,0.0,0.0
3458,3458,64,1,22,20260104,48.0,373.43,0.0,17924.64,0.0,0.0
3459,3459,62,1,34,20260104,7.0,336.72,0.0,2357.04,0.0,0.0
3460,3460,48,1,11,20260104,12.0,233.78,0.0,2805.36,0.0,0.0
3461,3461,30,1,7,20260104,45.0,208.5,0.0,9382.5,0.0,0.0
3462,3462,46,1,50,20260104,44.0,269.67,0.0,11865.48,0.0,0.0
3463,3463,93,1,37,20260104,26.0,496.02,0.0,12896.52,0.0,0.0
3464,3464,91,1,19,20260104,41.0,286.51,0.0,11746.91,0.0,0.0
3465,3465,62,1,67,20260104,2.0,30.72,0.0,61.44,0.0,0.0
3466,3466,87,1,50,20260104,11.0,269.52,0.0,2964.72,0.0,0.0
3467,3467,88,1,66,20260104,29.0,135.32,0.0,3924.28,0.0,0.0
3468,3468,78,1,49,20260104,13.0,134.85,0.0,1753.05,0.0,0.0
3469,3469,20,1,31,20260104,49.0,494.89,0.0,24249.61,0.0,0.0
3470,3470,18,1,26,20260104,4.0,323.91,0.0,1295.64,0.0,0.0
3471,3471,33,1,5,20260104,48.0,493.99,0.0,23711.52,0.0,0.0
3472,3472,10,1,54,20260104,7.0,102.63,0.0,718.41,0.0,0.0
3473,3473,56,1,57,20260104,15.0,80.1,0.0,1201.5,0.0,0.0
3474,3474,33,1,77,20260104,48.0,298.59,0.0,14332.32,0.0,0.0
3475,3475,5,1,38,20260104,44.0,431.31,0.0,18977.64,0.0,0.0
3476,3476,95,1,16,20260104,24.0,200.8,0.0,4819.2,0.0,0.0
3477,3477,82,1,34,20260104,3.0,125.82,0.0,377.46,0.0,0.0
3478,3478,17,1,34,20260104,1.0,172.86,0.0,172.86,0.0,0.0
3479,3479,2,1,7,20260104,25.0,166.75,0.0,4168.75,0.0,0.0
3480,3480,64,1,54,20260104,7.0,66.17,0.0,463.19,0.0,0.0
3481,3481,43,1,61,20260104,41.0,419.93,0.0,17217.13,0.0,0.0
3482,3482,94,1,7,20260104,10.0,56.83,0.0,568.3,0.0,0.0
3483,3483,81,1,57,20260104,29.0,193.29,0.0,5605.41,0.0,0.0
3484,3484,19,1,24,20260104,38.0,78.39,0.0,2978.82,0.0,0.0
3485,3485,83,1,46,20260104,25.0,217.52,0.0,5438.0,0.0,0.0
3486,3486,3,1,27,20260104,11.0,389.18,0.0,4280.98,0.0,0.0
3487,3487,28,1,53,20260104,12.0,166.11,0.0,1993.32,0.0,0.0
3488,3488,3,1,44,20260104,31.0,264.8,0.0,8208.8,0.0,0.0
3489,3489,23,1,46,20260104,4.0,331.32,0.0,1325.28,0.0,0.0
3490,3490,71,1,50,20260104,43.0,427.02,0.0,18361.86,0.0,0.0
3491,3491,40,1,62,20260104,24.0,139.88,0.0,3357.12,0.0,0.0
3492,3492,85,1,50,20260104,16.0,218.67,0.0,3498.72,0.0,0.0
3493,3493,1,1,59,20260104,37.0,222.76,0.0,8242.12,0.0,0.0
3494,3494,31,1,60,20260104,13.0,458.06,0.0,5954.78,0.0,0.0
3495,3495,92,1,22,20260104,32.0,163.23,0.0,5223.36,0.0,0.0
3496,3496,94,1,8,20260104,31.0,312.97,0.0,9702.07,0.0,0.0
3497,3497,48,1,23,20260104,42.0,414.5,0.0,17409.0,0.0,0.0
3498,3498,3,1,29,20260104,8.0,79.03,0.0,632.24,0.0,0.0
3499,3499,87,1,13,20260104,47.0,143.4,0.0,6739.8,0.0,0.0
3500,3500,37,1,42,20260104,49.0,396.74,0.0,19440.26,0.0,0.0
3501,3501,48,1,2,20260104,49.0,356.75,0.0,17480.75,0.0,0.0
3502,3502,43,1,18,20260104,18.0,452.07,0.0,8137.26,0.0,0.0
3503,3503,26,1,46,20260104,40.0,207.81,0.0,8312.4,0.0,0.0
3504,3504,2,1,22,20260104,18.0,134.1,0.0,2413.8,0.0,0.0
3505,3505,76,1,66,20260104,4.0,406.5,0.0,1626.0,0.0,0.0
3506,3506,41,1,46,20260104,35.0,382.33,0.0,13381.55,0.0,0.0
3507,3507,53,1,36,20260104,48.0,111.18,0.0,5336.64,0.0,0.0
3508,3508,61,1,29,20260104,4.0,377.22,0.0,1508.88,0.0,0.0
3509,3509,39,1,40,20260104,43.0,158.72,0.0,6824.96,0.0,0.0
3510,3510,90,1,5,20260104,9.0,185.54,0.0,1669.86,0.0,0.0
3511,3511,100,1,69,20260104,27.0,308.8,0.0,8337.6,0.0,0.0
3512,3512,72,1,39,20260104,3.0,455.79,0.0,1367.37,0.0,0.0
3513,3513,86,1,32,20260104,6.0,143.95,0.0,863.7,0.0,0.0
3514,3514,5,1,32,20260104,46.0,21.99,0.0,1011.54,0.0,0.0
3515,3515,78,1,14,20260104,49.0,50.56,0.0,2477.44,0.0,0.0
3516,3516,99,1,59,20260104,3.0,67.66,0.0,202.98,0.0,0.0
3517,3517,26,1,74,20260104,27.0,447.55,0.0,12083.85,0.0,0.0
3518,3518,51,1,43,20260104,17.0,157.98,0.0,2685.66,0.0,0.0
3519,3519,98,1,56,20260104,46.0,317.32,0.0,14596.72,0.0,0.0
3520,3520,32,1,59,20260104,16.0,395.79,0.0,6332.64,0.0,0.0
3521,3521,87,1,65,20260104,17.0,16.06,0.0,273.02,0.0,0.0
3522,3522,90,1,5,20260104,4.0,7.36,0.0,29.44,0.0,0.0
3523,3523,72,1,65,20260104,21.0,250.89,0.0,5268.69,0.0,0.0
3524,3524,68,1,52,20260104,5.0,87.76,0.0,438.8,0.0,0.0
3525,3525,71,1,32,20260104,17.0,7.72,0.0,131.24,0.0,0.0
3526,3526,18,1,8,20260104,8.0,319.59,0.0,2556.72,0.0,0.0
3527,3527,84,1,69,20260104,4.0,333.27,0.0,1333.08,0.0,0.0
3528,3528,29,1,33,20260104,23.0,465.73,0.0,10711.79,0.0,0.0
3529,3529,61,1,48,20260104,7.0,233.66,0.0,1635.62,0.0,0.0
3530,3530,16,1,63,20260104,12.0,180.19,0.0,2162.28,0.0,0.0
3532,3532,10,1,37,20260104,10.0,67.19,0.0,671.9,0.0,0.0
3533,3533,98,1,17,20260104,9.0,184.33,0.0,1658.97,0.0,0.0
3534,3534,74,1,58,20260104,29.0,161.94,0.0,4696.26,0.0,0.0
3535,3535,87,1,30,20260104,5.0,187.23,0.0,936.15,0.0,0.0
3536,3536,29,1,53,20260104,12.0,427.27,0.0,5127.24,0.0,0.0
3537,3537,24,1,51,20260104,7.0,40.08,0.0,280.56,0.0,0.0
3538,3538,11,1,33,20260104,31.0,299.15,0.0,9273.65,0.0,0.0
3531,3531,28,1,6,20260104,29.0,48.87,0.0,1417.23,0.0,0.0
3539,3539,33,1,54,20260104,31.0,493.38,0.0,15294.78,0.0,0.0
3540,3540,84,1,54,20260104,40.0,342.01,0.0,13680.4,0.0,0.0
3541,3541,83,1,73,20260104,36.0,376.75,0.0,13563.0,0.0,0.0
3542,3542,85,1,32,20260104,27.0,294.21,0.0,7943.67,0.0,0.0
3543,3543,73,1,22,20260104,24.0,316.26,0.0,7590.24,0.0,0.0
3544,3544,41,1,37,20260104,39.0,289.82,0.0,11302.98,0.0,0.0
3545,3545,89,1,2,20260104,8.0,389.72,0.0,3117.76,0.0,0.0
3546,3546,23,1,11,20260104,8.0,74.16,0.0,593.28,0.0,0.0
3547,3547,13,1,54,20260104,30.0,469.61,0.0,14088.3,0.0,0.0
3548,3548,65,1,44,20260104,9.0,330.2,0.0,2971.8,0.0,0.0
3549,3549,91,1,52,20260104,19.0,335.99,0.0,6383.81,0.0,0.0
3550,3550,32,1,61,20260104,36.0,111.37,0.0,4009.32,0.0,0.0
3551,3551,95,1,53,20260104,10.0,245.77,0.0,2457.7,0.0,0.0
3552,3552,34,1,64,20260104,15.0,472.08,0.0,7081.2,0.0,0.0
3553,3553,20,1,19,20260104,3.0,347.63,0.0,1042.89,0.0,0.0
3554,3554,71,1,22,20260104,23.0,83.68,0.0,1924.64,0.0,0.0
3555,3555,78,1,37,20260104,24.0,474.35,0.0,11384.4,0.0,0.0
3556,3556,76,1,52,20260104,6.0,201.78,0.0,1210.68,0.0,0.0
3557,3557,20,1,73,20260104,49.0,155.49,0.0,7619.01,0.0,0.0
3558,3558,26,1,72,20260104,40.0,475.05,0.0,19002.0,0.0,0.0
3559,3559,41,1,47,20260104,27.0,315.58,0.0,8520.66,0.0,0.0
3560,3560,51,1,5,20260104,44.0,184.01,0.0,8096.44,0.0,0.0
3561,3561,87,1,40,20260104,17.0,34.22,0.0,581.74,0.0,0.0
3562,3562,56,1,62,20260104,15.0,395.84,0.0,5937.6,0.0,0.0
3563,3563,43,1,5,20260104,19.0,195.93,0.0,3722.67,0.0,0.0
3564,3564,74,1,76,20260104,39.0,48.78,0.0,1902.42,0.0,0.0
3565,3565,38,1,18,20260104,39.0,340.58,0.0,13282.62,0.0,0.0
3566,3566,83,1,25,20260104,42.0,48.25,0.0,2026.5,0.0,0.0
3567,3567,95,1,68,20260104,2.0,109.83,0.0,219.66,0.0,0.0
3568,3568,5,1,17,20260104,14.0,331.68,0.0,4643.52,0.0,0.0
3569,3569,71,1,37,20260104,7.0,82.43,0.0,577.01,0.0,0.0
3570,3570,63,1,1,20260104,46.0,288.41,0.0,13266.86,0.0,0.0
3571,3571,9,1,32,20260104,50.0,375.07,0.0,18753.5,0.0,0.0
3572,3572,3,1,28,20260104,38.0,385.15,0.0,14635.7,0.0,0.0
3573,3573,21,1,60,20260104,25.0,223.49,0.0,5587.25,0.0,0.0
3574,3574,29,1,62,20260104,5.0,148.43,0.0,742.15,0.0,0.0
3575,3575,82,1,7,20260104,11.0,403.42,0.0,4437.62,0.0,0.0
3576,3576,42,1,28,20260104,46.0,215.73,0.0,9923.58,0.0,0.0
3577,3577,91,1,66,20260104,37.0,109.39,0.0,4047.43,0.0,0.0
3578,3578,87,1,56,20260104,29.0,103.36,0.0,2997.44,0.0,0.0
3579,3579,13,1,67,20260104,30.0,120.24,0.0,3607.2,0.0,0.0
3580,3580,16,1,24,20260104,43.0,360.95,0.0,15520.85,0.0,0.0
3581,3581,24,1,20,20260104,10.0,95.36,0.0,953.6,0.0,0.0
3582,3582,33,1,61,20260104,35.0,491.63,0.0,17207.05,0.0,0.0
3583,3583,43,1,53,20260104,36.0,213.75,0.0,7695.0,0.0,0.0
3584,3584,49,1,26,20260104,23.0,28.65,0.0,658.95,0.0,0.0
3585,3585,89,1,51,20260104,16.0,103.75,0.0,1660.0,0.0,0.0
3586,3586,78,1,51,20260104,34.0,451.24,0.0,15342.16,0.0,0.0
3587,3587,13,1,23,20260104,50.0,243.39,0.0,12169.5,0.0,0.0
3588,3588,33,1,53,20260104,20.0,78.84,0.0,1576.8,0.0,0.0
3589,3589,38,1,40,20260104,45.0,71.89,0.0,3235.05,0.0,0.0
3590,3590,78,1,11,20260104,26.0,418.06,0.0,10869.56,0.0,0.0
3591,3591,79,1,21,20260104,6.0,29.73,0.0,178.38,0.0,0.0
3592,3592,14,1,27,20260104,16.0,251.44,0.0,4023.04,0.0,0.0
3593,3593,84,1,53,20260104,30.0,254.12,0.0,7623.6,0.0,0.0
3594,3594,48,1,22,20260104,14.0,12.88,0.0,180.32,0.0,0.0
3595,3595,54,1,25,20260104,3.0,270.58,0.0,811.74,0.0,0.0
3596,3596,54,1,74,20260104,19.0,405.25,0.0,7699.75,0.0,0.0
3597,3597,70,1,65,20260104,22.0,411.14,0.0,9045.08,0.0,0.0
3598,3598,54,1,59,20260104,3.0,153.97,0.0,461.91,0.0,0.0
3599,3599,88,1,8,20260104,17.0,62.51,0.0,1062.67,0.0,0.0
3600,3600,5,1,27,20260104,15.0,233.89,0.0,3508.35,0.0,0.0
3601,3601,11,1,45,20260104,1.0,340.84,0.0,340.84,0.0,0.0
3602,3602,28,1,41,20260104,47.0,99.33,0.0,4668.51,0.0,0.0
3603,3603,93,1,7,20260104,4.0,13.81,0.0,55.24,0.0,0.0
3604,3604,63,1,53,20260104,17.0,31.56,0.0,536.52,0.0,0.0
3605,3605,68,1,23,20260104,48.0,414.99,0.0,19919.52,0.0,0.0
3606,3606,73,1,16,20260104,29.0,70.49,0.0,2044.21,0.0,0.0
3607,3607,36,1,32,20260104,27.0,238.35,0.0,6435.45,0.0,0.0
3608,3608,32,1,4,20260104,46.0,349.07,0.0,16057.22,0.0,0.0
3609,3609,1,1,52,20260104,30.0,422.24,0.0,12667.2,0.0,0.0
3610,3610,45,1,25,20260104,36.0,293.46,0.0,10564.56,0.0,0.0
3611,3611,22,1,29,20260104,45.0,376.78,0.0,16955.1,0.0,0.0
3612,3612,75,1,52,20260104,9.0,61.88,0.0,556.92,0.0,0.0
3613,3613,35,1,15,20260104,9.0,89.16,0.0,802.44,0.0,0.0
3614,3614,79,1,39,20260104,28.0,182.8,0.0,5118.4,0.0,0.0
3615,3615,47,1,52,20260104,13.0,79.52,0.0,1033.76,0.0,0.0
3616,3616,81,1,13,20260104,17.0,348.4,0.0,5922.8,0.0,0.0
3617,3617,23,1,69,20260104,36.0,123.61,0.0,4449.96,0.0,0.0
3618,3618,56,1,19,20260104,43.0,411.36,0.0,17688.48,0.0,0.0
3619,3619,41,1,69,20260104,47.0,489.26,0.0,22995.22,0.0,0.0
3620,3620,28,1,27,20260104,34.0,46.24,0.0,1572.16,0.0,0.0
3621,3621,52,1,59,20260104,5.0,35.49,0.0,177.45,0.0,0.0
3622,3622,62,1,6,20260104,46.0,313.14,0.0,14404.44,0.0,0.0
3623,3623,84,1,18,20260104,6.0,249.78,0.0,1498.68,0.0,0.0
3624,3624,62,1,32,20260104,29.0,437.04,0.0,12674.16,0.0,0.0
3625,3625,14,1,14,20260104,42.0,49.92,0.0,2096.64,0.0,0.0
3626,3626,76,1,33,20260104,19.0,166.14,0.0,3156.66,0.0,0.0
3627,3627,8,1,67,20260104,27.0,64.24,0.0,1734.48,0.0,0.0
3628,3628,67,1,39,20260104,11.0,148.16,0.0,1629.76,0.0,0.0
3629,3629,88,1,19,20260104,37.0,375.38,0.0,13889.06,0.0,0.0
3630,3630,15,1,71,20260104,26.0,432.16,0.0,11236.16,0.0,0.0
3631,3631,61,1,45,20260104,50.0,92.74,0.0,4637.0,0.0,0.0
3632,3632,5,1,72,20260104,35.0,446.99,0.0,15644.65,0.0,0.0
3633,3633,37,1,57,20260104,13.0,32.17,0.0,418.21,0.0,0.0
3634,3634,66,1,13,20260104,41.0,38.48,0.0,1577.68,0.0,0.0
3635,3635,75,1,37,20260104,26.0,369.27,0.0,9601.02,0.0,0.0
3636,3636,94,1,40,20260104,8.0,320.64,0.0,2565.12,0.0,0.0
3637,3637,8,1,35,20260104,21.0,91.63,0.0,1924.23,0.0,0.0
3638,3638,69,1,46,20260104,23.0,8.82,0.0,202.86,0.0,0.0
3639,3639,25,1,59,20260104,1.0,268.18,0.0,268.18,0.0,0.0
3640,3640,75,1,61,20260104,44.0,183.64,0.0,8080.16,0.0,0.0
3641,3641,5,1,4,20260104,31.0,318.85,0.0,9884.35,0.0,0.0
3642,3642,77,1,51,20260104,43.0,401.73,0.0,17274.39,0.0,0.0
3643,3643,46,1,37,20260104,9.0,104.32,0.0,938.88,0.0,0.0
3645,3645,89,1,59,20260104,22.0,229.55,0.0,5050.1,0.0,0.0
3646,3646,31,1,73,20260104,2.0,92.0,0.0,184.0,0.0,0.0
3647,3647,86,1,38,20260104,31.0,130.73,0.0,4052.63,0.0,0.0
3648,3648,36,1,13,20260104,9.0,118.18,0.0,1063.62,0.0,0.0
3649,3649,31,1,36,20260104,22.0,174.08,0.0,3829.76,0.0,0.0
3650,3650,90,1,63,20260104,31.0,78.76,0.0,2441.56,0.0,0.0
3644,3644,50,1,56,20260104,49.0,130.88,0.0,6413.12,0.0,0.0
3651,3651,59,1,57,20260104,48.0,144.66,0.0,6943.68,0.0,0.0
3652,3652,81,1,18,20260104,28.0,25.68,0.0,719.04,0.0,0.0
3653,3653,86,1,74,20260104,17.0,214.15,0.0,3640.55,0.0,0.0
3654,3654,57,1,36,20260104,16.0,175.85,0.0,2813.6,0.0,0.0
3655,3655,81,1,59,20260104,42.0,124.19,0.0,5215.98,0.0,0.0
3656,3656,25,1,7,20260104,24.0,22.81,0.0,547.44,0.0,0.0
3657,3657,99,1,66,20260104,37.0,253.41,0.0,9376.17,0.0,0.0
3658,3658,94,1,61,20260104,20.0,152.15,0.0,3043.0,0.0,0.0
3659,3659,55,1,2,20260104,34.0,187.07,0.0,6360.38,0.0,0.0
3660,3660,60,1,36,20260104,41.0,191.4,0.0,7847.4,0.0,0.0
3661,3661,47,1,13,20260104,7.0,53.32,0.0,373.24,0.0,0.0
3662,3662,21,1,71,20260104,44.0,189.55,0.0,8340.2,0.0,0.0
3663,3663,59,1,57,20260104,9.0,355.29,0.0,3197.61,0.0,0.0
3664,3664,55,1,33,20260104,35.0,226.87,0.0,7940.45,0.0,0.0
3665,3665,35,1,43,20260104,6.0,418.41,0.0,2510.46,0.0,0.0
3666,3666,78,1,66,20260104,7.0,483.2,0.0,3382.4,0.0,0.0
3667,3667,74,1,16,20260104,48.0,278.43,0.0,13364.64,0.0,0.0
3668,3668,31,1,3,20260104,25.0,136.77,0.0,3419.25,0.0,0.0
3669,3669,66,1,52,20260104,19.0,387.93,0.0,7370.67,0.0,0.0
3670,3670,2,1,66,20260104,12.0,364.34,0.0,4372.08,0.0,0.0
3671,3671,24,1,75,20260104,20.0,12.67,0.0,253.4,0.0,0.0
3672,3672,32,1,21,20260104,12.0,489.05,0.0,5868.6,0.0,0.0
3673,3673,58,1,5,20260104,50.0,246.18,0.0,12309.0,0.0,0.0
3674,3674,45,1,74,20260104,28.0,347.54,0.0,9731.12,0.0,0.0
3675,3675,27,1,24,20260104,39.0,415.43,0.0,16201.77,0.0,0.0
3676,3676,44,1,69,20260104,15.0,321.01,0.0,4815.15,0.0,0.0
3677,3677,94,1,15,20260104,27.0,81.84,0.0,2209.68,0.0,0.0
3678,3678,70,1,3,20260104,40.0,365.35,0.0,14614.0,0.0,0.0
3679,3679,42,1,14,20260104,50.0,218.32,0.0,10916.0,0.0,0.0
3680,3680,18,1,2,20260104,12.0,101.46,0.0,1217.52,0.0,0.0
3681,3681,100,1,43,20260104,43.0,140.86,0.0,6056.98,0.0,0.0
3682,3682,82,1,64,20260104,12.0,73.71,0.0,884.52,0.0,0.0
3683,3683,95,1,57,20260104,35.0,307.67,0.0,10768.45,0.0,0.0
3684,3684,7,1,39,20260104,21.0,128.88,0.0,2706.48,0.0,0.0
3685,3685,15,1,16,20260104,9.0,219.44,0.0,1974.96,0.0,0.0
3686,3686,37,1,57,20260104,6.0,333.05,0.0,1998.3,0.0,0.0
3687,3687,91,1,63,20260104,28.0,312.35,0.0,8745.8,0.0,0.0
3688,3688,38,1,63,20260104,23.0,359.95,0.0,8278.85,0.0,0.0
3689,3689,96,1,29,20260104,19.0,431.71,0.0,8202.49,0.0,0.0
3690,3690,83,1,58,20260104,3.0,361.33,0.0,1083.99,0.0,0.0
3691,3691,83,1,41,20260104,37.0,439.87,0.0,16275.19,0.0,0.0
3692,3692,12,1,66,20260104,32.0,395.37,0.0,12651.84,0.0,0.0
3693,3693,76,1,32,20260104,21.0,165.58,0.0,3477.18,0.0,0.0
3694,3694,82,1,4,20260104,19.0,477.89,0.0,9079.91,0.0,0.0
3695,3695,70,1,59,20260104,14.0,253.46,0.0,3548.44,0.0,0.0
3696,3696,75,1,6,20260104,8.0,492.68,0.0,3941.44,0.0,0.0
3697,3697,84,1,33,20260104,11.0,91.2,0.0,1003.2,0.0,0.0
3698,3698,94,1,46,20260104,29.0,276.6,0.0,8021.4,0.0,0.0
3699,3699,55,1,21,20260104,43.0,383.18,0.0,16476.74,0.0,0.0
3700,3700,15,1,62,20260104,41.0,244.06,0.0,10006.46,0.0,0.0
